GROUP,PACKAGE,CLASS,INSTRUCTION_MISSED,INSTRUCTION_COVERED,BRANCH_MISSED,BRANCH_COVERED,LINE_MISSED,LINE_COVERED,COMPLEXITY_MISSED,COMPLEXITY_COVERED,METHOD_MISSED,METHOD_COVERED
ng-nexus-core,com.evolvsys.nexuse2e.core.purge.service,PurgeService,0,36,0,0,0,9,0,5,0,5
ng-nexus-core,com.evolvsys.nexuse2e.core.purge.service,PurgeGraphQLService,46,0,0,0,12,0,4,0,4,0
ng-nexus-core,com.evolvsys.nexuse2e.core.choreography.mapper,ContextChoreographyMapper,0,25,0,0,0,8,0,4,0,4
ng-nexus-core,com.evolvsys.nexuse2e.core.choreography.mapper,ChoreographyMapper,19,11,0,0,4,4,3,3,3,3
ng-nexus-core,com.evolvsys.nexuse2e.core.choreography.mapper,BaseChoreographyMapper,0,19,0,0,0,4,0,3,0,3
ng-nexus-core,com.evolvsys.nexuse2e.core.partner.security,PartnerConnectionAccessInterceptor,0,3,0,0,0,1,0,1,0,1
ng-nexus-core,com.evolvsys.nexuse2e.core.partner.security,PartnerAccessInterceptor,0,3,0,0,0,1,0,1,0,1
ng-nexus-core,com.evolvsys.nexuse2e.impl.parameter,XPathParameters,0,63,0,2,0,25,0,6,0,5
ng-nexus-core,com.evolvsys.nexuse2e.impl.parameter,HttpConnectionParameters,0,149,0,0,0,62,0,11,0,11
ng-nexus-core,com.evolvsys.nexuse2e.core.schedule,ServiceInitializer,0,63,0,2,0,16,0,3,0,2
ng-nexus-core,com.evolvsys.nexuse2e.core.schedule,BasicServiceSchedulingJob,20,79,0,2,4,19,0,3,0,2
ng-nexus-core,com.evolvsys.nexuse2e.core.schedule,SchedulingService,49,172,2,4,14,47,2,15,0,14
ng-nexus-core,com.evolvsys.nexuse2e.core.schedule,SchedulingServiceAware,22,98,4,6,6,41,4,6,0,5
ng-nexus-core,com.evolvsys.nexuse2e.core.schedule,SchedulingServiceCleanupJob,7,128,0,10,2,32,0,8,0,3
ng-nexus-core,com.evolvsys.nexuse2e.core.schedule,SchedulingJobConfiguration,0,33,0,0,0,12,0,4,0,4
ng-nexus-core,com.evolvsys.nexuse2e.impl.service.outbound,BaseHttpSenderService,179,514,19,35,43,118,17,28,1,17
ng-nexus-core,com.evolvsys.nexuse2e.impl.service.outbound,FileSaveSenderService,19,70,1,1,7,16,1,4,0,4
ng-nexus-core,com.evolvsys.nexuse2e.impl.service.outbound,ReactiveHttpSenderService,21,119,0,0,1,25,2,6,2,6
ng-nexus-core,com.evolvsys.nexuse2e.impl.service.outbound,AzureBlobStorageSenderService.AuthenticationMethod,21,0,0,0,4,0,1,0,1,0
ng-nexus-core,com.evolvsys.nexuse2e.impl.service.outbound,NoopSenderService,0,15,0,0,0,5,0,4,0,4
ng-nexus-core,com.evolvsys.nexuse2e.impl.service.outbound,HttpSenderService,0,140,0,0,0,25,0,9,0,9
ng-nexus-core,com.evolvsys.nexuse2e.impl.service.outbound,SftpPushService,0,246,1,9,0,62,1,8,0,4
ng-nexus-core,com.evolvsys.nexuse2e.impl.service.outbound,DatabaseSenderService,13,159,0,8,6,44,0,9,0,5
ng-nexus-core,com.evolvsys.nexuse2e.impl.service.outbound,AzureBlobStorageSenderService,310,0,11,0,99,0,10,0,4,0
ng-nexus-core,com.evolvsys.nexuse2e.core.config.validation,ValidationContextHolder,1,22,1,1,0,7,1,5,0,5
ng-nexus-core,com.evolvsys.nexuse2e.core.config.validation,ValidPartnerConnectionParametersConstraintValidator,9,74,2,4,3,21,2,8,0,7
ng-nexus-core,com.evolvsys.nexuse2e.core.config.validation,ValidConfigNextActionsConstraintValidator,6,50,1,3,2,15,1,6,0,5
ng-nexus-core,com.evolvsys.nexuse2e.core.config.validation,ValidConfigRouteIdConstraintValidator,6,31,1,3,2,8,1,5,0,4
ng-nexus-core,com.evolvsys.nexuse2e.core.config.validation,ValidUserConfigUserIdentifierValidator,0,27,1,3,0,3,1,4,0,3
ng-nexus-core,com.evolvsys.nexuse2e.core.config.validation,ValidConfigUniqueIdentifierConstraintValidator,16,127,0,14,7,25,0,15,0,8
ng-nexus-core,com.evolvsys.nexuse2e.core.config.validation,ValidationLevel.Fatal,3,0,0,0,1,0,1,0,1,0
ng-nexus-core,com.evolvsys.nexuse2e.core.config.validation,ValidPipeletParametersConstraintValidator,0,4,0,0,0,2,0,1,0,1
ng-nexus-core,com.evolvsys.nexuse2e.core.config.validation,ValidConfigPipelineIdConstraintValidator,6,31,1,3,2,8,1,5,0,4
ng-nexus-core,com.evolvsys.nexuse2e.core.config.validation,ValidRoleNameConstraintValidator,0,29,0,2,0,7,0,2,0,1
ng-nexus-core,com.evolvsys.nexuse2e.core.config.validation,ValidConfigComponentIdConstraintValidator,0,42,0,2,0,12,0,4,0,3
ng-nexus-core,com.evolvsys.nexuse2e.core.config.validation,ValidConfigRouteConnectionIdConstraintValidator,9,92,2,8,3,20,2,11,0,8
ng-nexus-core,com.evolvsys.nexuse2e.core.config.validation,ValidPartnerConnectionInvalidCertificateContainerConstraintValidator,6,49,1,3,2,13,1,7,0,6
ng-nexus-core,com.evolvsys.nexuse2e.core.config.validation,ValidationLevel.Warn,3,0,0,0,1,0,1,0,1,0
ng-nexus-core,com.evolvsys.nexuse2e.core.config.validation,ValidServiceParametersConstraintValidator,0,4,0,0,0,2,0,1,0,1
ng-nexus-core,com.evolvsys.nexuse2e.core.config.validation,ValidationLevel.Error,3,0,0,0,1,0,1,0,1,0
ng-nexus-core,com.evolvsys.nexuse2e.core.config.validation,ValidConfigClientKeyNameConstraintValidator,6,31,1,3,2,9,1,5,0,4
ng-nexus-core,com.evolvsys.nexuse2e.core.config.validation,ValidParametersConstraintValidator,0,48,0,4,0,11,0,6,0,4
ng-nexus-core,com.evolvsys.nexuse2e.core.config.validation,ValidConfigPartnerIdConstraintValidator,6,31,1,3,2,8,1,5,0,4
ng-nexus-core,com.evolvsys.nexuse2e.core.config.validation,ValidConfigRouteConnectionId.Target,0,15,0,0,0,3,0,1,0,1
ng-nexus-core,com.evolvsys.nexuse2e.core.config.validation,ValidPartnerConnectionOutflowServiceConstraintValidator,7,61,3,7,2,13,3,6,0,4
ng-nexus-core,com.evolvsys.nexuse2e.impl.pipelet.rule,SecureInboundRulePipelet,0,42,0,2,0,12,0,4,0,3
ng-nexus-core,com.evolvsys.nexuse2e.impl.pipelet.rule,HttpProtocolRulePipelet,0,141,0,10,0,38,0,11,0,6
ng-nexus-core,com.evolvsys.nexuse2e.impl.pipelet.rule,HttpCipherRulePipelet,0,126,0,6,0,36,0,8,0,5
ng-nexus-core,com.evolvsys.nexuse2e.impl.pipelet.rule,JsonSchemaRulePipelet,58,240,2,14,20,81,3,12,1,6
ng-nexus-core,com.evolvsys.nexuse2e.impl.pipelet.rule,HttpIpAddressRulePipelet,0,145,0,8,0,41,0,8,0,4
ng-nexus-core,com.evolvsys.nexuse2e.impl.pipelet.rule,ClientCertRulePipelet,0,130,0,6,0,41,0,7,0,4
ng-nexus-core,com.evolvsys.nexuse2e.impl.pipelet.rule,OAuth2AuthenticationRulePipelet,44,341,4,18,17,119,4,12,0,5
ng-nexus-core,com.evolvsys.nexuse2e.core.message.action,MessageStopAction,9,58,0,0,3,12,1,2,1,2
ng-nexus-core,com.evolvsys.nexuse2e.core.message.action,MessageRequeueAction.new ProcessParameter() {...},0,3,0,0,0,1,0,1,0,1
ng-nexus-core,com.evolvsys.nexuse2e.core.message.action,MessageStopAction.new ProcessParameter() {...},0,3,0,0,0,1,0,1,0,1
ng-nexus-core,com.evolvsys.nexuse2e.core.message.action,MessageRequeueAction,16,47,0,0,7,11,1,2,1,2
ng-nexus-core,com.evolvsys.nexuse2e.core.message.action,MessageActionType,12,39,0,0,0,14,2,2,2,2
ng-nexus-core,com.evolvsys.nexuse2e.core.message.context,LazyObject,0,26,0,6,0,6,0,4,0,1
ng-nexus-core,com.evolvsys.nexuse2e.core.message.context,MessageContextLoaderService,29,135,1,3,8,34,2,7,1,6
ng-nexus-core,com.evolvsys.nexuse2e.core.message.context,LazyObjectStore,5,53,0,0,1,8,1,8,1,8
ng-nexus-core,com.evolvsys.nexuse2e.core.message.context,MessageContext,9,42,0,0,3,11,1,7,1,7
ng-nexus-core,com.evolvsys.nexuse2e.core.message.context,ContextObjectFactory,0,12,0,0,0,2,0,2,0,2
ng-nexus-core,com.evolvsys.nexuse2e.core.message.context,ExecutionContext,180,134,23,17,51,32,23,17,0,8
ng-nexus-core,com.evolvsys.nexuse2e.core.message.context,ContextFactory,14,106,5,1,3,26,3,8,0,8
ng-nexus-core,com.evolvsys.nexuse2e.core.message.context,ContextLazyObjectProvider,0,73,1,5,0,14,1,9,0,7
ng-nexus-core,com.evolvsys.nexuse2e.core.action.validation,ValidActionHasMessagesConstraintValidator,3,13,1,3,1,3,1,2,0,1
ng-nexus-core,com.evolvsys.nexuse2e.core.action.validation,ValidActionHasNextActionsConstraintValidator,3,13,1,3,1,3,1,2,0,1
ng-nexus-core,com.evolvsys.nexuse2e.core.action.validation,ActionNameConstraintValidator,14,27,2,2,1,4,2,3,1,2
ng-nexus-core,com.evolvsys.nexuse2e.impl.util,SchedulingUtils,0,44,0,2,0,13,0,3,0,2
ng-nexus-core,com.evolvsys.nexuse2e.impl.util,XmlUtils,0,32,0,0,0,8,0,1,0,1
ng-nexus-core,com.evolvsys.nexuse2e.impl.util,SftpParameterAware,0,180,0,0,0,82,0,1,0,1
ng-nexus-core,com.evolvsys.nexuse2e.impl.util,JwtAuthoritiesConverter,3,80,1,7,1,15,1,7,0,4
ng-nexus-core,com.evolvsys.nexuse2e.impl.util,FileSaveAware,0,43,0,0,0,23,0,3,0,3
ng-nexus-core,com.evolvsys.nexuse2e.impl.util,FileSaveUtils,38,107,1,7,15,26,1,6,0,3
ng-nexus-core,com.evolvsys.nexuse2e.core.message.payload.content,CachingFileEntityContent,0,40,0,4,0,10,0,6,0,4
ng-nexus-core,com.evolvsys.nexuse2e.core.message.payload.content,PayloadEntityContent,40,39,0,0,15,11,1,6,1,6
ng-nexus-core,com.evolvsys.nexuse2e.core.message.payload.content,PayloadContent,10,19,0,0,5,6,0,6,0,6
ng-nexus-core,com.evolvsys.nexuse2e.core.message.payload.content,FileSystemContent,38,54,0,0,17,14,0,8,0,8
ng-nexus-core,com.evolvsys.nexuse2e.core.message.payload.content,PayloadContentFactory,58,152,0,8,27,45,0,12,0,8
ng-nexus-core,com.evolvsys.nexuse2e.core.message.payload.content,PayloadContentOutputStream,20,43,0,0,10,16,0,7,0,7
ng-nexus-core,com.evolvsys.nexuse2e.core.message.payload.content,InMemoryContent,0,14,0,0,0,3,0,3,0,3
ng-nexus-core,com.evolvsys.nexuse2e.core.pipelet.service,PipeletBatchLoader,12,7,0,0,1,2,1,1,1,1
ng-nexus-core,com.evolvsys.nexuse2e.core.pipelet.service,PipeletService,16,6,0,0,2,2,2,1,2,1
ng-nexus-core,com.evolvsys.nexuse2e.core.pipelet.service,PipeletGraphQLService,25,4,0,0,5,1,3,1,3,1
ng-nexus-core,com.evolvsys.nexuse2e.core.service.http,HttpServiceHandler,136,289,10,16,22,74,7,13,0,7
ng-nexus-core,com.evolvsys.nexuse2e.core.service.http,HttpServiceFactory,34,61,5,5,12,13,5,3,0,3
ng-nexus-core,com.evolvsys.nexuse2e.core.service.http,HttpReceiver,0,14,0,0,0,7,0,1,0,1
ng-nexus-core,com.evolvsys.nexuse2e.core.logging.model,ForMessageLoggingContext,0,20,0,0,0,7,0,1,0,1
ng-nexus-core,com.evolvsys.nexuse2e.core.logging.model,FilterType,0,21,0,0,0,4,0,1,0,1
ng-nexus-core,com.evolvsys.nexuse2e.core.logging.model,LogFilterLevel,0,39,0,0,0,7,0,1,0,1
ng-nexus-core,com.evolvsys.nexuse2e.core.logging.model,LogFilterType,0,15,0,0,0,3,0,1,0,1
ng-nexus-core,com.evolvsys.nexuse2e.core.message.metadata.mapper,MetaDataMapper,12,7,0,0,1,3,1,2,1,2
ng-nexus-core,com.evolvsys.nexuse2e.core.keyvalue.persistence.mapper,KeyValuePropertyMapper,12,7,0,0,1,3,1,2,1,2
ng-nexus-core,com.evolvsys.nexuse2e.core.certificate.model,CertificateContainerType,0,15,0,0,0,3,0,1,0,1
ng-nexus-core,com.evolvsys.nexuse2e.core.certificate.model,CertificateType,0,21,0,0,0,4,0,1,0,1
ng-nexus-core,com.evolvsys.nexuse2e.core.certificate.model,CertificateInfo,0,3,0,0,0,1,0,1,0,1
ng-nexus-core,com.evolvsys.nexuse2e.core.certificate.model,QCertificateInfo,74,151,0,0,2,18,1,3,1,3
ng-nexus-core,com.evolvsys.nexuse2e.core.certificate.model,CertificateValidity,0,27,0,0,0,5,0,1,0,1
ng-nexus-core,com.evolvsys.nexuse2e.core.partner.repository,PartnerQueryDelegate,0,20,0,4,0,5,0,3,0,1
ng-nexus-core,com.evolvsys.nexuse2e.core.partner.repository,PartnerRepository,15,0,2,0,4,0,2,0,1,0
ng-nexus-core,com.evolvsys.nexuse2e.core.pipelet.security,PipeletAccessInterceptor,13,3,2,0,4,1,2,1,1,1
ng-nexus-core,com.evolvsys.nexuse2e.core.action.service,ActionGraphQLService,0,98,0,0,0,15,0,13,0,13
ng-nexus-core,com.evolvsys.nexuse2e.core.action.service,ValidNextActionsBatchLoader,12,7,0,0,1,2,1,1,1,1
ng-nexus-core,com.evolvsys.nexuse2e.core.action.service,ActionBatchLoader,0,5,0,0,0,2,0,1,0,1
ng-nexus-core,com.evolvsys.nexuse2e.core.action.service,ActionService,47,94,2,0,10,25,3,4,2,4
ng-nexus-core,com.evolvsys.nexuse2e.core.action.service,ActionRouteBatchLoader,12,7,0,0,1,2,1,1,1,1
ng-nexus-core,com.evolvsys.nexuse2e.core.settings.mapper,ApplicationsSettingsMapper,12,7,0,0,1,3,1,2,1,2
ng-nexus-core,com.evolvsys.nexuse2e.core.constants,ConnectionConstants,0,10,0,0,0,3,0,1,0,1
ng-nexus-core,com.evolvsys.nexuse2e.core.constants,ServiceConstants,0,7,0,0,0,2,0,1,0,1
ng-nexus-core,com.evolvsys.nexuse2e.core.constants,FileConstants,0,13,0,0,0,4,0,1,0,1
ng-nexus-core,com.evolvsys.nexuse2e.core.constants,TransactionConstants,0,8,0,0,0,2,0,1,0,1
ng-nexus-core,com.evolvsys.nexuse2e.core.constants,HttpConstants,0,34,0,0,0,10,0,1,0,1
ng-nexus-core,com.evolvsys.nexuse2e.core.constants,Constant,4,16,0,0,1,4,1,4,1,4
ng-nexus-core,com.evolvsys.nexuse2e.core.constants,HttpMessageConstants,0,7,0,0,0,2,0,1,0,1
ng-nexus-core,com.evolvsys.nexuse2e.core.persistence,PrefixPhysicalNamingStrategy,0,24,0,2,0,5,0,3,0,2
ng-nexus-core,com.evolvsys.nexuse2e.core.message.manual.factory,ManualMessageRouteExtender,0,31,0,0,0,10,0,2,0,2
ng-nexus-core,com.evolvsys.nexuse2e.core.message.manual.factory,ManualMessageDispatcher,10,69,2,2,1,16,2,1,0,1
ng-nexus-core,com.evolvsys.nexuse2e.core.message.manual.factory,ManualMessagePartnerExtender,0,57,0,2,0,17,0,5,0,4
ng-nexus-core,com.evolvsys.nexuse2e.core.message.manual.factory,ManualMessagePayloadFactory,18,98,1,1,3,26,2,4,1,4
ng-nexus-core,com.evolvsys.nexuse2e.core.message.manual.factory,ManualMessageChoreographyExtender,0,55,0,0,0,15,0,3,0,3
ng-nexus-core,com.evolvsys.nexuse2e.core.message.manual.factory,ManualMessageFactory,0,92,0,6,0,21,0,6,0,3
ng-nexus-core,com.evolvsys.nexuse2e.core.message.manual.factory,ManualMessageIdExtender,0,22,0,4,0,6,0,4,0,2
ng-nexus-core,com.evolvsys.nexuse2e.core.service,NexusOutflowService,0,17,0,2,0,5,0,3,0,2
ng-nexus-core,com.evolvsys.nexuse2e.core.service,OutflowServiceFactory,7,131,1,5,0,29,2,8,1,6
ng-nexus-core,com.evolvsys.nexuse2e.core.service,ServiceType,0,21,0,0,0,4,0,1,0,1
ng-nexus-core,com.evolvsys.nexuse2e.core.service,ServiceBatchLoader,0,5,0,0,0,2,0,1,0,1
ng-nexus-core,com.evolvsys.nexuse2e.core.service,ServiceParameters,21,0,0,0,5,0,3,0,3,0
ng-nexus-core,com.evolvsys.nexuse2e.core.service,ServiceFactory,12,107,0,4,0,23,2,6,2,4
ng-nexus-core,com.evolvsys.nexuse2e.core.service,BaseInflowNexusService,0,7,0,0,0,3,0,2,0,2
ng-nexus-core,com.evolvsys.nexuse2e.core.service,StandardNexusInflowService,0,281,1,25,0,80,1,21,0,9
ng-nexus-core,com.evolvsys.nexuse2e.core.service,SingleContextNexusService,3,17,1,1,1,6,1,3,0,3
ng-nexus-core,com.evolvsys.nexuse2e.core.service,ServiceParameterBatchLoader,0,8,0,0,0,2,0,1,0,1
ng-nexus-core,com.evolvsys.nexuse2e.core.service,ServiceUtils,0,46,0,4,0,12,0,7,0,4
ng-nexus-core,com.evolvsys.nexuse2e.core.service,HttpReceiverController,0,13,0,0,0,4,0,2,0,2
ng-nexus-core,com.evolvsys.nexuse2e.core.service,CustomServletMultipartResolver,0,18,0,2,0,5,0,3,0,2
ng-nexus-core,com.evolvsys.nexuse2e.core.message.state,MessageEventType,0,69,0,0,0,12,0,1,0,1
ng-nexus-core,com.evolvsys.nexuse2e.core.message.state,MessageEventService,12,96,1,5,4,21,1,7,0,5
ng-nexus-core,com.evolvsys.nexuse2e.impl.pipelet.http.ebxml,EbxmlMultipartToContextPipelet,47,228,4,12,16,52,4,11,0,7
ng-nexus-core,com.evolvsys.nexuse2e.impl.pipelet.http.ebxml,EbxmlErrorSerializerPipelet,15,94,0,0,7,37,0,4,0,4
ng-nexus-core,com.evolvsys.nexuse2e.impl.pipelet.http.ebxml,EbxmlHeaderDeserializerPipelet,175,485,20,49,44,136,21,41,4,17
ng-nexus-core,com.evolvsys.nexuse2e.impl.pipelet.http.ebxml,EbxmlMessagePackagerPipelet,0,121,0,2,0,28,0,7,0,6
ng-nexus-core,com.evolvsys.nexuse2e.impl.pipelet.http.ebxml,ContextToEbxmlMultipartPipelet,0,113,0,2,0,29,0,6,0,5
ng-nexus-core,com.evolvsys.nexuse2e.impl.pipelet.http.ebxml,EbxmlHeaderSerializerPipelet,171,760,23,29,37,184,19,38,2,28
ng-nexus-core,com.evolvsys.nexuse2e.core.config.handler.mapper,CertificateContainerConfigMapper,0,19,0,0,0,6,0,3,0,3
ng-nexus-core,com.evolvsys.nexuse2e.core.config.handler.mapper,KeyValuePropertyConfigMapper,0,3,0,0,0,1,0,1,0,1
ng-nexus-core,com.evolvsys.nexuse2e.core.config.handler.mapper,ParameterConfigMapper,14,57,2,4,5,18,3,7,1,6
ng-nexus-core,com.evolvsys.nexuse2e.core.config.handler.mapper,PartnerConfigMapper,2,30,1,1,0,8,1,4,0,4
ng-nexus-core,com.evolvsys.nexuse2e.core.config.handler.mapper,PipeletConfigMapper,0,17,0,0,0,6,0,3,0,3
ng-nexus-core,com.evolvsys.nexuse2e.core.config.handler.mapper,CertificateConfigMapper,70,112,2,2,23,35,5,8,3,8
ng-nexus-core,com.evolvsys.nexuse2e.core.config.handler.mapper,PartnerConnectionConfigMapper,0,28,0,4,0,10,0,6,0,4
ng-nexus-core,com.evolvsys.nexuse2e.core.config.handler.mapper,ServiceConfigMapper,0,55,0,0,0,12,0,6,0,6
ng-nexus-core,com.evolvsys.nexuse2e.core.config.handler.mapper,ChoreographyConfigMapper,0,3,0,0,0,1,0,1,0,1
ng-nexus-core,com.evolvsys.nexuse2e.core.config.handler.mapper,PipelineConfigMapper,18,30,2,2,5,6,3,6,2,5
ng-nexus-core,com.evolvsys.nexuse2e.core.config.handler.mapper,RouteConfigMapper,0,3,0,0,0,1,0,1,0,1
ng-nexus-core,com.evolvsys.nexuse2e.core.config.handler.mapper,ActionConfigMapper,7,3,2,0,1,1,2,1,1,1
ng-nexus-core,com.evolvsys.nexuse2e.core.config.handler.mapper,UserConfigMapper,0,33,0,0,0,10,0,4,0,4
ng-nexus-core,com.evolvsys.nexuse2e.core.message.state.event,MessageSendEventHandler,0,156,2,10,0,40,2,7,0,3
ng-nexus-core,com.evolvsys.nexuse2e.core.message.state.event,MessageResolveEventHandler,17,171,2,8,5,45,2,9,0,6
ng-nexus-core,com.evolvsys.nexuse2e.core.message.state.event,MessageActionErrorEventHandler,2,15,0,0,1,5,1,4,1,4
ng-nexus-core,com.evolvsys.nexuse2e.core.message.state.event,MessageRouteResolveEventHandler,30,112,3,9,10,33,3,7,0,4
ng-nexus-core,com.evolvsys.nexuse2e.core.message.state.event,MessageNoAcknowledgmentErrorEventHandler,6,46,0,0,0,13,1,3,1,3
ng-nexus-core,com.evolvsys.nexuse2e.core.message.state.event,BaseMessageErrorEventHandler,4,173,0,4,0,41,1,9,1,7
ng-nexus-core,com.evolvsys.nexuse2e.core.message.state.event,MessageErrorEventHandler,4,13,0,0,2,4,2,3,2,3
ng-nexus-core,com.evolvsys.nexuse2e.core.message.state.event,MessageDefaultPartnerResolveEventHandler,16,43,0,4,4,14,2,6,2,4
ng-nexus-core,com.evolvsys.nexuse2e.core.message.state.event,RouteUpdateEventHandler,0,22,0,0,0,8,0,2,0,2
ng-nexus-core,com.evolvsys.nexuse2e.core.message.state.event,EventUtils,29,82,0,10,7,19,1,8,1,3
ng-nexus-core,com.evolvsys.nexuse2e.core.message.state.event,MessageSendErrorEventHandler,0,17,0,0,0,6,0,5,0,5
ng-nexus-core,com.evolvsys.nexuse2e.core.message.state.event,MessageEventHandler,0,2,0,0,0,1,0,1,0,1
ng-nexus-core,com.evolvsys.nexuse2e.core.message.state.event,MessageActionEventHandler,14,45,0,0,3,12,1,3,1,3
ng-nexus-core,com.evolvsys.nexuse2e.core.message.state.event,MessageReceiveAcknowledgmentHandler,31,125,3,5,5,35,6,5,3,4
ng-nexus-core,com.evolvsys.nexuse2e.core.dashboard.repository,DashboardRepository,453,0,10,0,104,0,14,0,9,0
ng-nexus-core,com.evolvsys.nexuse2e.core.dashboard.repository,DashboardRepository.ConversationStatusCountResult,19,0,0,0,4,0,2,0,2,0
ng-nexus-core,com.evolvsys.nexuse2e.core.dashboard.repository,DashboardQueryDelegate,0,36,2,2,0,11,2,3,0,3
ng-nexus-core,com.evolvsys.nexuse2e.core.dashboard.repository,QDashboardRepository_LatestMessageOfPartnerResult,40,0,0,0,2,0,1,0,1,0
ng-nexus-core,com.evolvsys.nexuse2e.core.dashboard.repository,QDashboardRepository_MessageStatusCountResult,24,0,0,0,2,0,1,0,1,0
ng-nexus-core,com.evolvsys.nexuse2e.core.dashboard.repository,QDashboardRepository_LatestMessageOfChoreographyResult,40,0,0,0,2,0,1,0,1,0
ng-nexus-core,com.evolvsys.nexuse2e.core.dashboard.repository,QDashboardRepository_ConversationStatusCountResult,24,0,0,0,2,0,1,0,1,0
ng-nexus-core,com.evolvsys.nexuse2e.core.dashboard.repository,DashboardRepository.LatestMessageOfChoreographyResult,32,0,0,0,5,0,2,0,2,0
ng-nexus-core,com.evolvsys.nexuse2e.core.dashboard.repository,DashboardRepository.LatestMessageOfPartnerResult,32,0,0,0,5,0,2,0,2,0
ng-nexus-core,com.evolvsys.nexuse2e.core.dashboard.repository,DashboardRepository.MessageStatusCountResult,19,0,0,0,2,0,2,0,2,0
ng-nexus-core,com.evolvsys.nexuse2e.impl.service.support,AzureKeyVaultKeyValueSupportService.AzureKeyValueProvider,9,3,0,0,1,1,2,1,2,1
ng-nexus-core,com.evolvsys.nexuse2e.impl.service.support,HttpOauth2AuthenticationSupportService,2,436,1,1,1,153,2,12,1,12
ng-nexus-core,com.evolvsys.nexuse2e.impl.service.support,KeyValueSupportService,0,3,0,0,0,1,0,1,0,1
ng-nexus-core,com.evolvsys.nexuse2e.impl.service.support,HttpOauth2AuthenticationSupportService.new RemoveAuthorizedClientReactiveOAuth2AuthorizationFailureHandler() {...},0,15,0,0,0,3,0,2,0,2
ng-nexus-core,com.evolvsys.nexuse2e.impl.service.support,HttpOauth2AuthenticationSupportService.new AbstractAuthenticationToken() {...},2,11,0,0,1,2,1,2,1,2
ng-nexus-core,com.evolvsys.nexuse2e.impl.service.support,HttpAuthenticationSupportService,2,7,0,0,1,2,1,2,1,2
ng-nexus-core,com.evolvsys.nexuse2e.impl.service.support,StringMapperSupportService,0,139,0,6,0,49,0,10,0,7
ng-nexus-core,com.evolvsys.nexuse2e.impl.service.support,HttpBasicAuthAuthenticationSupportService,0,89,2,2,0,24,2,4,0,4
ng-nexus-core,com.evolvsys.nexuse2e.impl.service.support,StandardSupportService,0,3,0,0,0,1,0,1,0,1
ng-nexus-core,com.evolvsys.nexuse2e.impl.service.support,AzureKeyVaultKeyValueSupportService,0,46,0,0,0,17,0,3,0,3
ng-nexus-core,com.evolvsys.nexuse2e.impl.service.support,DatabaseConnectionSupportService,17,88,0,0,7,35,1,6,1,6
ng-nexus-core,com.evolvsys.nexuse2e.core.pipeline.repository,PipelineQueryDelegate,0,21,2,2,0,5,2,1,0,1
ng-nexus-core,com.evolvsys.nexuse2e.core.pipeline.repository,PipelineRepository,15,0,2,0,4,0,2,0,1,0
ng-nexus-core,com.evolvsys.nexuse2e.core.pipelet,PipeletParameterBatchLoader,0,8,0,0,0,2,0,1,0,1
ng-nexus-core,com.evolvsys.nexuse2e.core.utils.validation,IpValidation,13,29,0,0,2,10,2,4,2,4
ng-nexus-core,com.evolvsys.nexuse2e.core.utils.validation,Ipv6Validation,0,32,0,2,0,6,0,5,0,4
ng-nexus-core,com.evolvsys.nexuse2e.core.utils.validation,Ipv4Validation,0,32,0,2,0,6,0,5,0,4
ng-nexus-core,com.evolvsys.nexuse2e.core.utils.validation,IpUtils,0,106,0,16,0,19,0,13,0,5
ng-nexus-core,com.evolvsys.nexuse2e.core.purge.repository,PurgeRepository,0,601,1,3,0,159,1,7,0,6
ng-nexus-core,com.evolvsys.nexuse2e.core.manualaction.model,ManualActionType,0,21,0,0,0,4,0,1,0,1
ng-nexus-core,com.evolvsys.nexuse2e.core.manualaction.model,MessageActionManualActionType,0,15,0,0,0,3,0,1,0,1
ng-nexus-core,com.evolvsys.nexuse2e.core.manualaction.model,PurgeManualActionType,0,15,0,0,0,3,0,1,0,1
ng-nexus-core,com.evolvsys.nexuse2e.core.message.repository,ConversationBatchLoader,0,5,0,0,0,2,0,1,0,1
ng-nexus-core,com.evolvsys.nexuse2e.core.message.repository,MessageQueryDelegate,33,301,3,39,8,60,3,22,0,4
ng-nexus-core,com.evolvsys.nexuse2e.core.message.repository,MetaDataQueryDelegate,33,202,5,15,6,45,3,13,0,6
ng-nexus-core,com.evolvsys.nexuse2e.core.message.repository,ConversationRepository,10,0,0,0,2,0,1,0,1,0
ng-nexus-core,com.evolvsys.nexuse2e.core.message.repository,MessageRepository,17,0,0,0,2,0,2,0,2,0
ng-nexus-core,com.evolvsys.nexuse2e.core.message.repository,MetaDataQueryDslRepositoryImpl,5,187,0,6,0,36,1,7,1,4
ng-nexus-core,com.evolvsys.nexuse2e.core.message.repository,ConversationQueryDelegate,0,189,1,27,0,40,1,14,0,1
ng-nexus-core,com.evolvsys.nexuse2e.core.config.handler,ConfigHandler,2,99,0,6,2,17,2,11,2,8
ng-nexus-core,com.evolvsys.nexuse2e.core.config.handler,HandlerUtils,6,93,0,4,2,23,1,8,1,6
ng-nexus-core,com.evolvsys.nexuse2e.core.config.handler,CaCertificateConfigHandler,17,90,6,4,2,23,6,7,1,7
ng-nexus-core,com.evolvsys.nexuse2e.core.config.handler,PipelineConfigHandler,0,155,0,4,0,38,0,14,0,12
ng-nexus-core,com.evolvsys.nexuse2e.core.config.handler,ServiceConfigHandler,0,100,0,0,0,25,0,10,0,10
ng-nexus-core,com.evolvsys.nexuse2e.core.config.handler,UserConfigHandler,31,330,5,23,6,62,6,26,1,17
ng-nexus-core,com.evolvsys.nexuse2e.core.config.handler,KeyValuePropertyConfigHandler,25,80,4,0,3,18,4,7,2,7
ng-nexus-core,com.evolvsys.nexuse2e.core.config.handler,ClientKeyConfigHandler,114,47,14,0,28,12,11,5,4,5
ng-nexus-core,com.evolvsys.nexuse2e.core.config.handler,ChoreographyConfigHandler,37,333,3,15,6,78,4,20,2,13
ng-nexus-core,com.evolvsys.nexuse2e.core.config.handler,RouteConfigHandler,114,157,2,6,29,39,8,9,6,7
ng-nexus-core,com.evolvsys.nexuse2e.core.parameter.repository,ParameterBatchLoader,108,4,6,0,23,1,7,1,4,1
ng-nexus-core,com.evolvsys.nexuse2e.core.parameter.repository,ParameterStringValueSetBatchLoader,0,6,0,0,0,2,0,1,0,1
ng-nexus-core,com.evolvsys.nexuse2e.core.parameter.converter,BaseStringDtoValueTypeConverter,0,38,0,4,0,9,0,10,0,8
ng-nexus-core,com.evolvsys.nexuse2e.core.parameter.converter,TrimmedStringTypeConverter,0,33,0,6,0,8,0,7,0,4
ng-nexus-core,com.evolvsys.nexuse2e.core.parameter.converter,DurationTypeConverter,0,27,0,4,0,6,0,7,0,5
ng-nexus-core,com.evolvsys.nexuse2e.core.parameter.converter,StringListTypeConverter,0,70,0,6,0,21,0,16,0,13
ng-nexus-core,com.evolvsys.nexuse2e.core.parameter.converter,PasswordTypeConverter,0,55,2,8,0,17,2,8,0,5
ng-nexus-core,com.evolvsys.nexuse2e.core.parameter.converter,TrimmedLargeStringTypeConverter,0,33,0,6,0,8,0,7,0,4
ng-nexus-core,com.evolvsys.nexuse2e.core.parameter.converter,TypeConverter,0,14,0,0,0,3,0,2,0,2
ng-nexus-core,com.evolvsys.nexuse2e.core.parameter.converter,BigDecimalTypeConverter,0,31,0,2,0,6,0,6,0,5
ng-nexus-core,com.evolvsys.nexuse2e.core.parameter.converter,KeyValuePairListTrimmedConverter,13,129,3,11,5,39,6,17,3,13
ng-nexus-core,com.evolvsys.nexuse2e.core.parameter.converter,StringTypeConverter,0,25,0,2,0,9,0,6,0,5
ng-nexus-core,com.evolvsys.nexuse2e.core.parameter.converter,LongTypeConverter,0,33,0,6,0,6,0,8,0,5
ng-nexus-core,com.evolvsys.nexuse2e.core.parameter.converter,ActionInfoTypeConverter,0,27,0,4,0,6,0,7,0,5
ng-nexus-core,com.evolvsys.nexuse2e.core.parameter.converter,BooleanTypeConverter,0,33,0,4,0,8,0,7,0,5
ng-nexus-core,com.evolvsys.nexuse2e.core.parameter.converter,SupportServiceTypeConverter,9,93,0,10,3,24,0,14,0,9
ng-nexus-core,com.evolvsys.nexuse2e.core.parameter.converter,LargeStringTypeConverter,0,23,0,2,0,8,0,5,0,4
ng-nexus-core,com.evolvsys.nexuse2e.core.dashboard.service,DashboardService,0,20,0,0,0,4,0,4,0,4
ng-nexus-core,com.evolvsys.nexuse2e.core.dashboard.service,DashboardGraphQLService,20,0,0,0,4,0,4,0,4,0
ng-nexus-core,com.evolvsys.nexuse2e.core.partner.validation,DefaultLocalIdentityConstraintValidator,13,25,3,3,1,4,3,3,1,2
ng-nexus-core,com.evolvsys.nexuse2e.core.partner.validation,ValidPartnerHasRoutesConstraintValidator,3,14,1,3,1,3,1,2,0,1
ng-nexus-core,com.evolvsys.nexuse2e.core.partner.validation,PartnerIdConstraintValidator,12,25,2,2,0,3,2,3,1,2
ng-nexus-core,com.evolvsys.nexuse2e.core.partner.validation,ValidConnectionHasRoutesConstraintValidator,3,14,1,3,1,3,1,2,0,1
ng-nexus-core,com.evolvsys.nexuse2e.core.partner.validation,ConnectionNameConstraintValidator,14,27,2,2,1,4,2,3,1,2
ng-nexus-core,com.evolvsys.nexuse2e.core.partner.validation,ValidPartnerHasMessagesConstraintValidator,3,14,1,3,1,3,1,2,0,1
ng-nexus-core,com.evolvsys.nexuse2e.core.resolver,ErrorMessageResolver,0,22,1,1,0,6,1,2,0,2
ng-nexus-core,com.evolvsys.nexuse2e.core.resolver,MessageResolverFactory,2,50,1,8,0,6,1,6,0,2
ng-nexus-core,com.evolvsys.nexuse2e.core.resolver,ReturnMessageResolver,0,22,0,2,0,6,0,3,0,2
ng-nexus-core,com.evolvsys.nexuse2e.core.resolver,NormalMessageResolver,25,218,3,21,4,57,2,13,0,3
ng-nexus-core,com.evolvsys.nexuse2e.core.resolver,ManualMessageResolver,12,62,1,1,4,13,1,2,0,2
ng-nexus-core,com.evolvsys.nexuse2e.core.resolver,MessageResolver,0,4,0,0,0,1,0,1,0,1
ng-nexus-core,com.evolvsys.nexuse2e.core.resolver,MessageResolverValidator,0,131,0,6,0,34,0,6,0,3
ng-nexus-core,com.evolvsys.nexuse2e.core.filter,BooleanQueryDelegateUtils,2,15,1,4,1,5,1,3,0,1
ng-nexus-core,com.evolvsys.nexuse2e.core.filter,BooleanFilterType,0,21,0,0,0,4,0,1,0,1
ng-nexus-core,com.evolvsys.nexuse2e.core.config.handler.partner,PartnerCertificateContainerConfigHandler,21,102,6,8,4,28,6,4,1,2
ng-nexus-core,com.evolvsys.nexuse2e.core.config.handler.partner,PartnerConnectionConfigHandler,26,103,1,3,7,27,3,7,2,6
ng-nexus-core,com.evolvsys.nexuse2e.core.config.handler.partner,PartnerConfigHandler,0,190,0,8,0,43,0,16,0,12
ng-nexus-core,com.evolvsys.nexuse2e.core.choreography.service,ChoreographyBatchLoader,0,5,0,0,0,2,0,1,0,1
ng-nexus-core,com.evolvsys.nexuse2e.core.choreography.service,ChoreographyGraphQLService,0,70,0,0,0,13,0,10,0,10
ng-nexus-core,com.evolvsys.nexuse2e.core.choreography.service,ChoreographyService,4,107,0,0,1,35,1,5,1,5
ng-nexus-core,com.evolvsys.nexuse2e.core.choreography.service,ChoreographyFactory,0,32,0,0,0,7,0,3,0,3
ng-nexus-core,com.evolvsys.nexuse2e.core.system,SystemInitializer,0,52,3,5,0,13,3,3,0,2
ng-nexus-core,com.evolvsys.nexuse2e.core.system,SystemInfoService,50,256,7,5,6,61,6,21,1,20
ng-nexus-core,com.evolvsys.nexuse2e.core.system,SystemInfoGraphQLService,4,0,0,0,1,0,1,0,1,0
ng-nexus-core,com.evolvsys.nexuse2e.core.pipeline.action,PipelineActionType,0,41,0,0,0,13,0,2,0,2
ng-nexus-core,com.evolvsys.nexuse2e.core.pipeline.action,PipelineRearrangePipeletsAction.new ProcessParameter() {...},0,3,0,0,0,1,0,1,0,1
ng-nexus-core,com.evolvsys.nexuse2e.core.pipeline.action,PipelineRemovePipeletAction.new ProcessParameter() {...},0,3,0,0,0,1,0,1,0,1
ng-nexus-core,com.evolvsys.nexuse2e.core.pipeline.action,PipelineRearrangePipeletsAction,0,61,0,4,0,12,0,6,0,4
ng-nexus-core,com.evolvsys.nexuse2e.core.pipeline.action,PipelineRemovePipeletAction,0,51,0,2,0,10,0,5,0,4
ng-nexus-core,com.evolvsys.nexuse2e.core.pipeline.action,PipelineAddPipeletAction,0,45,0,0,0,10,0,3,0,3
ng-nexus-core,com.evolvsys.nexuse2e.core.pipeline.action,PipelineAddPipeletAction.new ProcessParameter() {...},0,3,0,0,0,1,0,1,0,1
ng-nexus-core,com.evolvsys.nexuse2e.core.keyvalue.persistence.service,KeyValuePropertyAccessInterceptor,0,3,0,0,0,1,0,1,0,1
ng-nexus-core,com.evolvsys.nexuse2e.core.keyvalue.persistence.service,KeyValuePropertyGraphQLService,23,0,0,0,5,0,4,0,4,0
ng-nexus-core,com.evolvsys.nexuse2e.core.keyvalue.persistence.service,KeyValuePropertyService,12,38,0,0,1,10,1,4,1,4
ng-nexus-core,com.evolvsys.nexuse2e.impl.service.inbound,SftpPollingService,89,895,15,45,29,267,18,31,3,15
ng-nexus-core,com.evolvsys.nexuse2e.impl.service.inbound,SftpDirEntryWrapper,0,22,0,0,0,6,0,2,0,2
ng-nexus-core,com.evolvsys.nexuse2e.impl.service.inbound,SftpClientConfig.SftpClientConfigBuilder,0,6,0,0,0,2,0,1,0,1
ng-nexus-core,com.evolvsys.nexuse2e.impl.service.inbound,HttpPollingService,189,759,21,25,50,210,20,20,2,15
ng-nexus-core,com.evolvsys.nexuse2e.impl.service.inbound,DatabasePollingService,49,375,4,16,18,98,6,15,2,9
ng-nexus-core,com.evolvsys.nexuse2e.impl.service.inbound,SortingDirection,0,15,0,0,0,3,0,1,0,1
ng-nexus-core,com.evolvsys.nexuse2e.impl.service.inbound,SftpSortingAttribute.new SftpSortingAttribute() {...},0,15,0,0,0,4,0,3,0,3
ng-nexus-core,com.evolvsys.nexuse2e.impl.service.inbound,SftpSortingAttribute.new SftpSortingAttribute() {...},0,14,0,0,0,4,0,3,0,3
ng-nexus-core,com.evolvsys.nexuse2e.impl.service.inbound,SftpSortingAttribute.new SftpSortingAttribute() {...},0,15,0,0,0,4,0,3,0,3
ng-nexus-core,com.evolvsys.nexuse2e.impl.service.inbound,SftpSortingAttribute.new SftpSortingAttribute() {...},1,5,0,0,1,1,1,1,1,1
ng-nexus-core,com.evolvsys.nexuse2e.impl.service.inbound,PostProcessingTask,0,21,0,0,0,4,0,1,0,1
ng-nexus-core,com.evolvsys.nexuse2e.impl.service.inbound,ProcessingBehavior.new ProcessingBehavior() {...},4,6,0,0,2,1,1,1,1,1
ng-nexus-core,com.evolvsys.nexuse2e.impl.service.inbound,ProcessingBehavior.new ProcessingBehavior() {...},0,10,0,0,0,3,0,2,0,2
ng-nexus-core,com.evolvsys.nexuse2e.impl.service.inbound,ProcessingBehavior.new ProcessingBehavior() {...},1,6,0,0,1,1,1,1,1,1
ng-nexus-core,com.evolvsys.nexuse2e.impl.service.inbound,ProcessingBehavior.new ProcessingBehavior() {...},0,10,0,0,0,3,0,2,0,2
ng-nexus-core,com.evolvsys.nexuse2e.impl.service.inbound,ProcessingBehavior.new ProcessingBehavior() {...},4,6,0,0,2,1,1,1,1,1
ng-nexus-core,com.evolvsys.nexuse2e.impl.service.inbound,SftpSortingAttribute,0,27,0,0,0,5,0,1,0,1
ng-nexus-core,com.evolvsys.nexuse2e.impl.service.inbound,ProcessingBehavior,40,52,0,0,12,12,0,3,0,3
ng-nexus-core,com.evolvsys.nexuse2e.impl.service.inbound,ProcessingBehavior.Timing,0,15,0,0,0,3,0,1,0,1
ng-nexus-core,com.evolvsys.nexuse2e.impl.service.inbound,SftpClientWrapper,104,273,10,20,42,77,10,15,0,10
ng-nexus-core,com.evolvsys.nexuse2e.impl.service.inbound,SFTPTransactionContext,0,8,0,0,0,2,0,1,0,1
ng-nexus-core,com.evolvsys.nexuse2e.impl.service.inbound,HttpReceiverService,320,861,27,53,94,235,24,31,2,13
ng-nexus-core,com.evolvsys.nexuse2e.impl.service.inbound,DirectoryScannerService,97,558,10,24,29,161,10,16,1,8
ng-nexus-core,com.evolvsys.nexuse2e.impl.service.inbound,SftpUtils,43,137,2,14,12,44,2,14,0,8
ng-nexus-core,com.evolvsys.nexuse2e.core.partner,PartnerFactory,0,26,0,0,0,5,0,3,0,3
ng-nexus-core,com.evolvsys.nexuse2e.core.partner,ConnectionFactory,13,4,0,0,2,1,1,1,1,1
ng-nexus-core,com.evolvsys.nexuse2e.impl.pipelet.debug,TrackingPipelet,0,41,0,0,0,12,0,4,0,4
ng-nexus-core,com.evolvsys.nexuse2e.core.manualaction.repository,ManualActionQueryDelegate,0,77,6,6,0,16,6,1,0,1
ng-nexus-core,com.evolvsys.nexuse2e.core.manualaction.repository,ManualActionRepository,9,0,0,0,2,0,1,0,1,0
ng-nexus-core,com.evolvsys.nexuse2e.core.manualaction.repository,PurgeResultConverter,0,40,0,4,0,12,0,4,0,2
ng-nexus-core,com.evolvsys.nexuse2e.impl.pipelet.http.soap,WsSecurityRulePipelet,36,105,3,3,13,41,2,5,0,4
ng-nexus-core,com.evolvsys.nexuse2e.impl.pipelet.http.soap,SoapPackagerPipelet,60,90,0,0,28,36,0,3,0,3
ng-nexus-core,com.evolvsys.nexuse2e.impl.pipelet.http.soap,WsSecurityRulePipelet.new CallbackHandler() {...},0,56,2,6,0,9,2,4,0,2
ng-nexus-core,com.evolvsys.nexuse2e.impl.pipelet.http.soap,SoapUnpackagerPipelet,68,116,1,1,33,37,1,4,0,4
ng-nexus-core,com.evolvsys.nexuse2e.core.service.http.client.reactive,SslContextFactory,8,47,2,4,2,15,2,3,0,2
ng-nexus-core,com.evolvsys.nexuse2e.core.service.http.client.reactive,NexusWebClientFactory,10,23,0,0,5,6,0,3,0,3
ng-nexus-core,com.evolvsys.nexuse2e.core.service.http.client.reactive,HttpClientFactory,0,74,0,8,0,20,0,8,0,4
ng-nexus-core,com.evolvsys.nexuse2e.impl.pipelet.common,CopyPayloadMetaDataPipelet,0,177,0,14,0,44,0,12,0,5
ng-nexus-core,com.evolvsys.nexuse2e.impl.pipelet.common,XPathToMetaDataPipelet,5,164,1,7,0,50,2,7,1,4
ng-nexus-core,com.evolvsys.nexuse2e.impl.pipelet.common,PersistentTimestampPipelet,0,76,0,0,0,25,0,4,0,4
ng-nexus-core,com.evolvsys.nexuse2e.impl.pipelet.common,ContextToPayloadPipelet,40,13,5,1,7,5,3,3,0,3
ng-nexus-core,com.evolvsys.nexuse2e.impl.pipelet.common,XPathToPayloadPipelet,54,222,1,9,20,76,1,8,0,4
ng-nexus-core,com.evolvsys.nexuse2e.impl.pipelet.common,MetaDataDuplicationCheckPipelet,0,167,0,6,0,55,0,8,0,5
ng-nexus-core,com.evolvsys.nexuse2e.impl.pipelet.common,JsonToMetaDataTraversal,3,153,1,13,1,45,1,14,0,6
ng-nexus-core,com.evolvsys.nexuse2e.impl.pipelet.common,SleepingPipelet,25,22,0,0,10,9,1,3,1,3
ng-nexus-core,com.evolvsys.nexuse2e.impl.pipelet.common,XSDSchemaValidationPipelet,23,133,4,4,6,51,3,6,0,5
ng-nexus-core,com.evolvsys.nexuse2e.impl.pipelet.common,JsonToMetaDataPipelet,0,113,0,4,0,42,0,6,0,4
ng-nexus-core,com.evolvsys.nexuse2e.impl.pipelet.common,PersistentCountingPipelet,0,141,0,0,0,41,0,5,0,5
ng-nexus-core,com.evolvsys.nexuse2e.impl.pipelet.common,PayloadTransformerPipelet.Encoding,0,15,0,0,0,3,0,1,0,1
ng-nexus-core,com.evolvsys.nexuse2e.impl.pipelet.common,FileSavePipelet,5,112,1,3,1,36,1,5,0,4
ng-nexus-core,com.evolvsys.nexuse2e.impl.pipelet.common,XPathToRoutingParamsPipelet,14,290,1,9,4,92,2,11,1,7
ng-nexus-core,com.evolvsys.nexuse2e.impl.pipelet.common,UnZipPipelet,12,136,2,8,6,36,2,7,0,4
ng-nexus-core,com.evolvsys.nexuse2e.impl.pipelet.common,ZipPipelet,107,330,21,23,31,114,20,9,0,7
ng-nexus-core,com.evolvsys.nexuse2e.impl.pipelet.common,MetaDataPipelet,0,78,1,5,0,23,1,5,0,3
ng-nexus-core,com.evolvsys.nexuse2e.impl.pipelet.common,ParamsToMetaDataPipelet,6,129,3,9,1,29,3,11,0,8
ng-nexus-core,com.evolvsys.nexuse2e.impl.pipelet.common,PayloadTransformerPipelet,0,213,1,7,0,68,1,8,0,5
ng-nexus-core,com.evolvsys.nexuse2e.impl.pipelet.common,PayloadMetadataToMessagePipelet,0,142,0,12,0,40,0,11,0,5
ng-nexus-core,com.evolvsys.nexuse2e.impl.pipelet.common,RhinoPipelet,23,17,0,0,4,8,1,2,1,2
ng-nexus-core,com.evolvsys.nexuse2e.core.route.security,RouteAccessInterceptor,0,3,0,0,0,1,0,1,0,1
ng-nexus-core,com.evolvsys.nexuse2e.core.manualaction.security,PurgeManualActionAccessInterceptor,0,3,0,0,0,1,0,1,0,1
ng-nexus-core,com.evolvsys.nexuse2e.core.manualaction.security,MessageActionManualActionAccessInterceptor,0,3,0,0,0,1,0,1,0,1
ng-nexus-core,com.evolvsys.nexuse2e.core.manualaction.security,ConfigImportManualActionAccessInterceptor,0,3,0,0,0,1,0,1,0,1
ng-nexus-core,com.evolvsys.nexuse2e.core.manualaction.security,ManualActionAccessInterceptor,0,3,0,0,0,1,0,1,0,1
ng-nexus-core,com.evolvsys.nexuse2e.core.manualaction.security,BaseManualActionAccessInterceptor,0,20,0,2,0,8,0,3,0,2
ng-nexus-core,com.evolvsys.nexuse2e.core.keyvalue,KeyValueUpdateEventListener,0,20,1,3,0,5,1,4,0,3
ng-nexus-core,com.evolvsys.nexuse2e.core.keyvalue,KeyValueLookup,0,14,0,2,0,3,0,3,0,2
ng-nexus-core,com.evolvsys.nexuse2e.core.keyvalue,KeyValueService,26,205,2,12,8,53,2,14,0,9
ng-nexus-core,com.evolvsys.nexuse2e.core.keyvalue,DefaultKeyValueProvider,0,51,0,2,0,13,0,7,0,6
ng-nexus-core,com.evolvsys.nexuse2e.core.action,Action,9,5,3,1,1,1,3,1,1,1
ng-nexus-core,com.evolvsys.nexuse2e.core.action,ActionFactory,0,66,1,7,0,12,1,9,0,6
ng-nexus-core,com.evolvsys.nexuse2e.core.model.entity,AcknowledgmentStatus,0,21,0,0,0,4,0,1,0,1
ng-nexus-core,com.evolvsys.nexuse2e.core.model.entity,ConversationStatus,0,39,0,0,0,7,0,1,0,1
ng-nexus-core,com.evolvsys.nexuse2e.core.keyvalue.persistence.repository,KeyValuePropertyRepository,9,0,0,0,1,0,1,0,1,0
ng-nexus-core,com.evolvsys.nexuse2e.core.keyvalue.persistence.repository,KeyValuePropertyQueryDelegate,0,45,4,4,0,9,4,1,0,1
ng-nexus-core,com.evolvsys.nexuse2e.core.logging.mapper,LogFilterCacheMapper,0,3,0,0,0,1,0,1,0,1
ng-nexus-core,com.evolvsys.nexuse2e.core.logging.mapper,LogMapper,12,7,0,0,1,3,1,2,1,2
ng-nexus-core,com.evolvsys.nexuse2e.core.logging.mapper,LogFilterMapper,12,7,0,0,1,3,1,2,1,2
ng-nexus-core,com.evolvsys.nexuse2e.core.service.action,ServiceStartAction,2,17,0,0,1,4,1,1,1,1
ng-nexus-core,com.evolvsys.nexuse2e.core.service.action,ServiceStopAction,2,17,0,0,1,4,1,1,1,1
ng-nexus-core,com.evolvsys.nexuse2e.core.service.action,ServiceRunOnceValidCheck,0,27,0,0,0,6,0,4,0,4
ng-nexus-core,com.evolvsys.nexuse2e.core.service.action,ServiceRunOnceAction,9,22,0,0,3,6,1,2,1,2
ng-nexus-core,com.evolvsys.nexuse2e.core.service.action,ServiceActionType,16,51,4,0,0,18,4,2,2,2
ng-nexus-core,com.evolvsys.nexuse2e.core.action.security,ActionAccessInterceptor,0,3,0,0,0,1,0,1,0,1
ng-nexus-core,com.evolvsys.nexuse2e,NexusAutoConfiguration,0,3,0,0,0,1,0,1,0,1
ng-nexus-core,com.evolvsys.nexuse2e,NexusApp,5,3,0,0,2,1,1,1,1,1
ng-nexus-core,com.evolvsys.nexuse2e.core.manualaction.mapper,MessageActionManualActionMapper,12,7,0,0,1,3,1,2,1,2
ng-nexus-core,com.evolvsys.nexuse2e.core.manualaction.mapper,ConfigImportManualActionMapper,12,70,0,4,1,14,1,6,1,4
ng-nexus-core,com.evolvsys.nexuse2e.core.manualaction.mapper,ManualActionMapper,12,3,0,0,2,1,2,1,2,1
ng-nexus-core,com.evolvsys.nexuse2e.core.manualaction.mapper,PurgeManualActionMapper,12,7,0,0,1,3,1,2,1,2
ng-nexus-core,com.evolvsys.nexuse2e.core.exception,NexusRuntimeException,0,17,0,0,0,7,0,3,0,3
ng-nexus-core,com.evolvsys.nexuse2e.core.exception,MessageNotFoundException,25,0,0,0,9,0,2,0,2,0
ng-nexus-core,com.evolvsys.nexuse2e.core.exception,NexusException,0,17,0,0,0,7,0,3,0,3
ng-nexus-core,com.evolvsys.nexuse2e.core.file,TempFileCleanupService.TempFileCleanupVisitor,24,82,4,14,7,22,4,10,1,4
ng-nexus-core,com.evolvsys.nexuse2e.core.file,TempFileCleanupService,15,48,2,2,6,11,3,3,1,3
ng-nexus-core,com.evolvsys.nexuse2e.core.service.repository,ServiceQueryDelegate,0,45,0,8,0,9,0,5,0,1
ng-nexus-core,com.evolvsys.nexuse2e.core.service.repository,ServiceRepository,15,0,2,0,4,0,2,0,1,0
ng-nexus-core,com.evolvsys.nexuse2e.core.service.repository,CustomServiceRepositoryImpl,0,41,0,0,0,8,0,1,0,1
ng-nexus-core,com.evolvsys.nexuse2e.core.system.service,NexusConfigGraphQLService,4,0,0,0,1,0,1,0,1,0
ng-nexus-core,com.evolvsys.nexuse2e.core.system.service,NexusConfigService,11,0,0,0,4,0,1,0,1,0
ng-nexus-core,com.evolvsys.nexuse2e.core.action.action,ActionRemoveRouteAction,36,5,2,0,6,1,4,1,3,1
ng-nexus-core,com.evolvsys.nexuse2e.core.action.action,ActionAddRouteAction.new ProcessParameter() {...},0,3,0,0,0,1,0,1,0,1
ng-nexus-core,com.evolvsys.nexuse2e.core.action.action,ActionLinkRouteAction.new ProcessParameter() {...},0,3,0,0,0,1,0,1,0,1
ng-nexus-core,com.evolvsys.nexuse2e.core.action.action,ActionRemoveRouteAction.new ProcessParameter() {...},0,3,0,0,0,1,0,1,0,1
ng-nexus-core,com.evolvsys.nexuse2e.core.action.action,ActionLinkRouteAction,57,5,2,0,15,1,4,1,3,1
ng-nexus-core,com.evolvsys.nexuse2e.core.action.action,ActionAddRouteAction,50,8,4,0,11,2,4,1,2,1
ng-nexus-core,com.evolvsys.nexuse2e.core.action.action,ActionActionType,0,41,0,0,0,13,0,2,0,2
ng-nexus-core,com.evolvsys.nexuse2e.core.choreography.validation,ValidChoreographyHasConversationsConstraintValidator,3,13,1,3,1,3,1,2,0,1
ng-nexus-core,com.evolvsys.nexuse2e.core.choreography.validation,ValidChoreographyHasActionsConstraintValidator,3,13,1,3,1,3,1,2,0,1
ng-nexus-core,com.evolvsys.nexuse2e.core.choreography.validation,ChoreographyNameConstraintValidator,12,25,2,2,0,3,2,3,1,2
ng-nexus-core,com.evolvsys.nexuse2e.core.message.manual.repository,CustomManualMessageRepositoryImpl,161,0,0,0,28,0,3,0,3,0
ng-nexus-core,com.evolvsys.nexuse2e.core.message.manual.repository,QCustomManualMessageRepositoryImpl_ManualMessageRoutingInfo,40,0,0,0,2,0,1,0,1,0
ng-nexus-core,com.evolvsys.nexuse2e.core.message.manual.repository,CustomManualMessageRepositoryImpl.ManualMessageRoutingInfo,46,0,0,0,9,0,2,0,2,0
ng-nexus-core,com.evolvsys.nexuse2e.core.pipeline,PipelineBatchLoader,0,5,0,0,0,2,0,1,0,1
ng-nexus-core,com.evolvsys.nexuse2e.core.pipeline,PipelineFactory,47,49,0,2,9,12,2,4,2,3
ng-nexus-core,com.evolvsys.nexuse2e.core.message.service,MessageGraphQLService,191,4,8,0,39,1,21,1,17,1
ng-nexus-core,com.evolvsys.nexuse2e.core.message.service,MessageService,29,116,0,4,8,35,2,7,2,5
ng-nexus-core,com.evolvsys.nexuse2e.core.message.service,MessageMetaDataBatchLoader,0,7,0,0,0,2,0,1,0,1
ng-nexus-core,com.evolvsys.nexuse2e.core.message.service,ConversationService,21,25,0,0,5,7,3,2,3,2
ng-nexus-core,com.evolvsys.nexuse2e.core.message.service,MessageDataService,0,9,0,0,0,2,0,1,0,1
ng-nexus-core,com.evolvsys.nexuse2e.core.message.service,MessagePayloadBatchLoader,12,7,0,0,1,2,1,1,1,1
ng-nexus-core,com.evolvsys.nexuse2e.core.message.service,ConversationPartnersBatchLoader.CustomTransformer,97,0,2,0,17,0,3,0,2,0
ng-nexus-core,com.evolvsys.nexuse2e.core.message.service,MessageBatchLoader,0,5,0,0,0,2,0,1,0,1
ng-nexus-core,com.evolvsys.nexuse2e.core.message.service,ConversationPartnersBatchLoader,80,0,2,0,12,0,4,0,3,0
ng-nexus-core,com.evolvsys.nexuse2e.core.message.service,ConversationMessageBatchLoader,9,7,0,0,1,2,1,1,1,1
ng-nexus-core,com.evolvsys.nexuse2e.core.message.service,ConversationGraphQLService,75,0,0,0,11,0,10,0,10,0
ng-nexus-core,com.evolvsys.nexuse2e.core.message.service,ContextConversationFactory,0,22,0,0,0,4,0,2,0,2
ng-nexus-core,com.evolvsys.nexuse2e.core.message.service,MessageSenderService,0,43,0,4,0,12,0,4,0,2
ng-nexus-core,com.evolvsys.nexuse2e.core.logging.security,LogAccessInterceptor,17,3,2,0,7,1,2,1,1,1
ng-nexus-core,com.evolvsys.nexuse2e.core.logging.security,LogFilterAccessInterceptor,0,3,0,0,0,1,0,1,0,1
ng-nexus-core,com.evolvsys.nexuse2e.core.certificate.mapper,CertificateInfoMapper,96,121,6,0,33,17,10,14,7,14
ng-nexus-core,com.evolvsys.nexuse2e.core.certificate.mapper,CertificateMapper,99,10,2,0,31,4,5,2,4,2
ng-nexus-core,com.evolvsys.nexuse2e.core.certificate.mapper,CertificateContainerMapper,14,12,1,1,1,4,2,3,1,3
ng-nexus-core,com.evolvsys.nexuse2e.core.certificate.mapper,CertificateContainerKeyMapper,56,40,2,4,20,12,4,5,2,4
ng-nexus-core,com.evolvsys.nexuse2e.core.component,ComponentFactory,13,186,1,11,2,41,2,14,1,9
ng-nexus-core,com.evolvsys.nexuse2e.core.component,Pipelet,0,3,0,0,0,1,0,1,0,1
ng-nexus-core,com.evolvsys.nexuse2e.core.component,ComponentRegistry,8,349,4,24,3,91,4,24,0,14
ng-nexus-core,com.evolvsys.nexuse2e.core.component,Service,2,2,0,0,2,2,2,2,2,2
ng-nexus-core,com.evolvsys.nexuse2e.core.component,ComponentType,0,27,0,0,0,5,0,1,0,1
ng-nexus-core,com.evolvsys.nexuse2e.core.component,SupportService,2,0,0,0,1,0,1,0,1,0
ng-nexus-core,com.evolvsys.nexuse2e.core.message.metadata,ZonedDateTimeMetaDataConverter,0,12,0,0,0,5,0,4,0,4
ng-nexus-core,com.evolvsys.nexuse2e.core.message.metadata,JsonMetaDataConverter,51,48,0,0,20,16,0,4,0,4
ng-nexus-core,com.evolvsys.nexuse2e.core.message.metadata,BigDecimalMetaDataConverter,0,12,0,0,0,5,0,4,0,4
ng-nexus-core,com.evolvsys.nexuse2e.core.message.metadata,IntegerMetaDataConverter,4,21,2,2,1,6,2,4,0,4
ng-nexus-core,com.evolvsys.nexuse2e.core.message.metadata,StringMetaDataConverter,0,12,0,0,0,5,0,4,0,4
ng-nexus-core,com.evolvsys.nexuse2e.core.message.metadata,PayloadMetaDataConverter,0,77,0,4,0,20,0,5,0,3
ng-nexus-core,com.evolvsys.nexuse2e.core.message.metadata,MediaTypeMetaDataConverter,0,14,0,0,0,5,0,4,0,4
ng-nexus-core,com.evolvsys.nexuse2e.core.message.metadata,BooleanMetaDataConverter,0,12,0,0,0,5,0,4,0,4
ng-nexus-core,com.evolvsys.nexuse2e.core.message.metadata,MetaDataConverterService,26,105,0,2,6,26,2,10,2,9
ng-nexus-core,com.evolvsys.nexuse2e.core.message.metadata,DoubleMetaDataConverter,0,36,0,6,0,8,0,8,0,5
ng-nexus-core,com.evolvsys.nexuse2e.core.message.metadata,TypeSafeMetaDataConverter,0,23,0,0,0,6,0,5,0,5
ng-nexus-core,com.evolvsys.nexuse2e.core.message.metadata,LongMetaDataConverter,0,12,0,0,0,5,0,4,0,4
ng-nexus-core,com.evolvsys.nexuse2e.core.message.dispatcher,InboundNormalDispatcher,0,42,0,2,0,12,0,3,0,2
ng-nexus-core,com.evolvsys.nexuse2e.core.message.dispatcher,InboundMessageDispatcher,26,26,1,2,10,5,1,3,0,2
ng-nexus-core,com.evolvsys.nexuse2e.core.message.dispatcher,OutboundMessageDispatcher,64,216,1,11,15,52,1,12,0,7
ng-nexus-core,com.evolvsys.nexuse2e.core.message.dispatcher,OutboundMessageActionDispatcher,0,100,0,4,0,31,0,5,0,3
ng-nexus-core,com.evolvsys.nexuse2e.core.message.dispatcher,OutboundAcknowledgmentDispatcher,38,153,1,5,13,41,2,7,1,5
ng-nexus-core,com.evolvsys.nexuse2e.core.message.dispatcher,ReturnDispatcher,44,45,7,1,14,11,4,2,0,2
ng-nexus-core,com.evolvsys.nexuse2e.core.message.dispatcher,InboundAcknowledgmentDispatcher,0,13,0,0,0,4,0,2,0,2
ng-nexus-core,com.evolvsys.nexuse2e.core.component.mapper,ComponentMapper,0,3,0,0,0,1,0,1,0,1
ng-nexus-core,com.evolvsys.nexuse2e.core.parameter.model,ActionInfo,15,24,1,1,5,4,1,2,0,2
ng-nexus-core,com.evolvsys.nexuse2e.core.message.security,ConversationAccessInterceptor,0,3,0,0,0,1,0,1,0,1
ng-nexus-core,com.evolvsys.nexuse2e.core.message.security,MessageAccessInterceptor,0,3,0,0,0,1,0,1,0,1
ng-nexus-core,com.evolvsys.nexuse2e.core.message.security,MetaDataAccessInterceptor,0,3,0,0,0,1,0,1,0,1
ng-nexus-core,com.evolvsys.nexuse2e.core.model.dto,NexusTenantRelation,3,0,0,0,1,0,1,0,1,0
ng-nexus-core,com.evolvsys.nexuse2e.core.route.repository,CustomRouteRepositoryImpl,0,104,0,0,0,21,0,2,0,2
ng-nexus-core,com.evolvsys.nexuse2e.core.route.repository,RouteQueryDelegate,0,109,4,4,0,18,4,2,0,2
ng-nexus-core,com.evolvsys.nexuse2e.core.route.repository,PartnerConnectionBatchLoader,0,5,0,0,0,2,0,1,0,1
ng-nexus-core,com.evolvsys.nexuse2e.core.route.repository,RouteRepository,15,0,2,0,4,0,2,0,1,0
ng-nexus-core,com.evolvsys.nexuse2e.core.message.payload.mapper,PayloadMapper,12,7,0,0,1,3,1,2,1,2
ng-nexus-core,com.evolvsys.nexuse2e.internal,ContextPayload,18,26,0,0,7,10,0,1,0,1
ng-nexus-core,com.evolvsys.nexuse2e.internal,MessageType,0,33,0,0,0,6,0,1,0,1
ng-nexus-core,com.evolvsys.nexuse2e.internal,Severity,21,0,0,0,4,0,1,0,1,0
ng-nexus-core,com.evolvsys.nexuse2e.internal,BinaryEncoding,0,47,0,0,0,11,0,4,0,4
ng-nexus-core,com.evolvsys.nexuse2e.impl.pipelet.http,RequestParameterPipelet,0,282,3,9,0,105,3,7,0,4
ng-nexus-core,com.evolvsys.nexuse2e.impl.pipelet.http,StaticHttpHeaderPipelet,0,111,0,8,0,34,0,8,0,4
ng-nexus-core,com.evolvsys.nexuse2e.impl.pipelet.http,MessageUnpackagerPipelet,51,185,6,11,15,48,6,10,0,7
ng-nexus-core,com.evolvsys.nexuse2e.impl.pipelet.http,PlainHttpAcknowledgmentReferencePipelet,0,93,0,4,0,32,0,6,0,4
ng-nexus-core,com.evolvsys.nexuse2e.impl.pipelet.http,PlainHttpMessageUnpackagerPipelet,0,62,1,3,0,17,1,5,0,4
ng-nexus-core,com.evolvsys.nexuse2e.impl.pipelet.http,RoutingByRequestParameterPipelet,0,194,0,12,0,70,0,10,0,4
ng-nexus-core,com.evolvsys.nexuse2e.impl.pipelet.http,MessagePackagerPipelet,30,269,6,21,9,74,7,15,1,7
ng-nexus-core,com.evolvsys.nexuse2e.core.message.payload,PayloadBinaryContentType,34,71,0,4,10,23,0,6,0,4
ng-nexus-core,com.evolvsys.nexuse2e.core.message.payload,MetaDataDtoComparator,0,33,0,0,0,6,0,4,0,4
ng-nexus-core,com.evolvsys.nexuse2e.core.message.manual.service,ManualMessageService,1,117,2,6,0,27,2,6,0,4
ng-nexus-core,com.evolvsys.nexuse2e.core.message.manual.service,ManualMessageGraphQLService,21,4,0,0,4,1,3,1,3,1
ng-nexus-core,com.evolvsys.nexuse2e.core.keyvalue.persistence,PersistentKeyValue,20,52,4,4,6,11,4,6,0,6
ng-nexus-core,com.evolvsys.nexuse2e.core.keyvalue.persistence,InMemoryPersistentKeyValueRepositoryImpl,0,30,0,0,0,5,0,3,0,3
ng-nexus-core,com.evolvsys.nexuse2e.core.keyvalue.persistence,JpaPersistentKeyValueRepositoryImpl,0,46,0,0,0,10,0,4,0,4
ng-nexus-core,com.evolvsys.nexuse2e.core.message.generator,UUIDConversationIdGenerator,0,6,0,0,0,2,0,2,0,2
ng-nexus-core,com.evolvsys.nexuse2e.core.message.generator,UUIDMessageIdGenerator,0,6,0,0,0,2,0,2,0,2
ng-nexus-core,com.evolvsys.nexuse2e.core.service.http.client,HttpContextSslUtils,0,253,0,24,0,77,0,22,0,10
ng-nexus-core,com.evolvsys.nexuse2e.core.service.http.client,HttpContextFactory,14,74,0,6,6,22,0,8,0,5
ng-nexus-core,com.evolvsys.nexuse2e.core.message.payload.security,PayloadAccessInterceptor,0,3,0,0,0,1,0,1,0,1
ng-nexus-core,com.evolvsys.nexuse2e.core.service.service,ServiceService,26,130,0,0,5,32,2,7,2,7
ng-nexus-core,com.evolvsys.nexuse2e.core.service.service,ServiceGraphQLService,0,86,0,0,0,16,0,12,0,12
ng-nexus-core,com.evolvsys.nexuse2e.core.component.service,ComponentFilterUtils.StringFilter,3,29,1,3,1,8,1,2,0,1
ng-nexus-core,com.evolvsys.nexuse2e.core.component.service,ComponentGraphQLService,11,0,0,0,2,0,2,0,2,0
ng-nexus-core,com.evolvsys.nexuse2e.core.component.service,ComponentPostCreationService,0,33,0,0,0,10,0,4,0,4
ng-nexus-core,com.evolvsys.nexuse2e.core.component.service,ComponentFilterUtils,0,50,0,6,0,7,0,7,0,4
ng-nexus-core,com.evolvsys.nexuse2e.core.component.service,ComponentService,1,65,1,1,1,14,1,6,0,6
ng-nexus-core,com.evolvsys.nexuse2e.core.certificate.service,CertificateKeystoreUtils,133,64,6,8,47,21,6,5,0,4
ng-nexus-core,com.evolvsys.nexuse2e.core.certificate.service,CertificateInitializer,0,16,0,0,0,5,0,3,0,3
ng-nexus-core,com.evolvsys.nexuse2e.core.certificate.service,CertificateContainerActiveCertificateBatchLoader,70,0,4,0,14,0,5,0,3,0
ng-nexus-core,com.evolvsys.nexuse2e.core.certificate.service,CertificateChainLoader,144,4,6,0,32,1,6,1,3,1
ng-nexus-core,com.evolvsys.nexuse2e.core.certificate.service,CertificateValidator,25,44,0,2,9,12,0,5,0,4
ng-nexus-core,com.evolvsys.nexuse2e.core.certificate.service,CertificateChainBinaryType,21,71,1,1,7,24,1,5,0,5
ng-nexus-core,com.evolvsys.nexuse2e.core.certificate.service,CertificateBinaryType,19,113,0,2,6,30,0,6,0,5
ng-nexus-core,com.evolvsys.nexuse2e.core.certificate.service,CertificateIdGenerator,36,88,4,2,7,23,5,8,2,8
ng-nexus-core,com.evolvsys.nexuse2e.core.certificate.service,CertificateContainerCertificatesBatchLoader,16,7,0,0,2,2,1,1,1,1
ng-nexus-core,com.evolvsys.nexuse2e.core.certificate.service,CertificateFileOwnerProvider,12,9,0,0,2,2,2,2,2,2
ng-nexus-core,com.evolvsys.nexuse2e.core.certificate.service,CertificateHelper,42,106,6,12,20,32,6,7,0,4
ng-nexus-core,com.evolvsys.nexuse2e.core.certificate.service,CertificateEntityFactory,118,273,8,16,38,78,10,14,3,9
ng-nexus-core,com.evolvsys.nexuse2e.core.certificate.service,CertificateGraphQLService,91,0,0,0,21,0,13,0,13,0
ng-nexus-core,com.evolvsys.nexuse2e.core.certificate.service,ClientCertificateKeystoreBinaryType,31,144,1,1,8,39,2,5,1,5
ng-nexus-core,com.evolvsys.nexuse2e.core.certificate.service,CertificateService,246,201,11,7,73,55,17,6,8,6
ng-nexus-core,com.evolvsys.nexuse2e.core.certificate.service,CertificatePemWriter,36,104,0,4,17,24,0,8,0,6
ng-nexus-core,com.evolvsys.nexuse2e.core.certificate.service,CertificateContainerGraphQLService,0,47,0,0,0,8,0,7,0,7
ng-nexus-core,com.evolvsys.nexuse2e.core.certificate.service,CertificateCrudService,144,13,8,0,35,4,12,2,8,2
ng-nexus-core,com.evolvsys.nexuse2e.core.certificate.service,CertificateContainerBatchLoader,0,5,0,0,0,2,0,1,0,1
ng-nexus-core,com.evolvsys.nexuse2e.core.certificate.service,CertificateContainerService,14,9,0,0,2,3,2,1,2,1
ng-nexus-core,com.evolvsys.nexuse2e.core.certificate.service,CertificateEntityUtils,14,69,0,4,0,19,2,6,2,4
ng-nexus-core,com.evolvsys.nexuse2e.core.route.validation,ValidRouteHasChoreographiesConstraintValidator,3,13,1,3,1,3,1,2,0,1
ng-nexus-core,com.evolvsys.nexuse2e.core.route.validation,ValidRouteHasActionsConstraintValidator,3,14,1,3,1,3,1,2,0,1
ng-nexus-core,com.evolvsys.nexuse2e.core.route.validation,RouteIdConstraintValidator,12,36,2,6,0,5,2,6,1,3
ng-nexus-core,com.evolvsys.nexuse2e.core.service.security,ServiceAccessInterceptor,13,3,2,0,4,1,2,1,1,1
ng-nexus-core,com.evolvsys.nexuse2e.impl.pipelet.file,FileNamePartnerPatternPipelet,75,49,2,0,16,25,4,3,3,3
ng-nexus-core,com.evolvsys.nexuse2e.core.message.manual.validation,ValidPayloadConstraintValidator,14,0,4,0,2,0,4,0,2,0
ng-nexus-core,com.evolvsys.nexuse2e.core.message.manual.validation,ValidConversationRepeatConstraintValidator,15,0,4,0,2,0,4,0,2,0
ng-nexus-core,com.evolvsys.nexuse2e.core.pipelet.mapper,PipeletMapper,0,19,0,0,0,4,0,3,0,3
ng-nexus-core,com.evolvsys.nexuse2e.core.settings.service,ApplicationSettingsGraphQLService,19,0,0,0,4,0,4,0,4,0
ng-nexus-core,com.evolvsys.nexuse2e.core.settings.service,ApplicationSettingsService,0,29,0,0,0,7,0,3,0,3
ng-nexus-core,com.evolvsys.nexuse2e.core.settings.service,ApplicationSettingsInitializer,5,36,0,2,0,11,1,3,1,2
ng-nexus-core,com.evolvsys.nexuse2e.core.settings.service,ApplicationSettingsCrudService,0,57,0,2,0,15,0,6,0,5
ng-nexus-core,com.evolvsys.nexuse2e.impl.database,IncrementPrimaryKeyIdDbValue,32,57,3,3,11,12,4,1,1,1
ng-nexus-core,com.evolvsys.nexuse2e.impl.database,LocalDateTimeNowDbValue,9,0,0,0,3,0,2,0,2,0
ng-nexus-core,com.evolvsys.nexuse2e.core.message.mapper,ContextMetaDataMapper,0,265,2,38,0,58,2,29,0,11
ng-nexus-core,com.evolvsys.nexuse2e.core.message.mapper,ConversationMapper,0,19,0,0,0,4,0,3,0,3
ng-nexus-core,com.evolvsys.nexuse2e.core.message.mapper,ContextMessageMapper,1,74,1,11,1,16,1,11,0,6
ng-nexus-core,com.evolvsys.nexuse2e.core.message.mapper,ContextConversationMapper,0,28,0,0,0,8,0,4,0,4
ng-nexus-core,com.evolvsys.nexuse2e.core.message.mapper,MessageMapper,0,19,0,0,0,4,0,3,0,3
ng-nexus-core,com.evolvsys.nexuse2e.core.message.mapper,ContextPayloadMapper,2,126,1,9,0,31,1,14,0,10
ng-nexus-core,com.evolvsys.nexuse2e.core.partner.mapper,PartnerConnectionMapper,12,7,0,0,1,3,1,2,1,2
ng-nexus-core,com.evolvsys.nexuse2e.core.partner.mapper,PartnerMapper,14,86,6,4,0,19,5,6,1,5
ng-nexus-core,com.evolvsys.nexuse2e.core.partner.mapper,ContextPartnerMapper,2,18,1,1,1,5,1,3,0,3
ng-nexus-core,com.evolvsys.nexuse2e.core.partner.mapper,ContextConnectionMapper,29,22,4,2,9,7,4,5,2,4
ng-nexus-core,com.evolvsys.nexuse2e.core.partner.mapper,BasePartnerMapper,12,7,0,0,1,3,1,2,1,2
ng-nexus-core,com.evolvsys.nexuse2e.core.changelog.service,ChangelogRepository,0,71,2,4,0,20,2,5,0,4
ng-nexus-core,com.evolvsys.nexuse2e.core.changelog.service,ChangelogGraphQLService,4,0,0,0,1,0,1,0,1,0
ng-nexus-core,com.evolvsys.nexuse2e.core.manualaction.listener,ManualActionEntityListener,0,8,0,0,0,2,0,1,0,1
ng-nexus-core,com.evolvsys.nexuse2e.core.manualaction.listener,ManualActionEventListener,0,7,0,0,0,2,0,1,0,1
ng-nexus-core,com.evolvsys.nexuse2e.core.logging,MessageLogContextHolder,4,48,0,4,2,14,1,11,1,9
ng-nexus-core,com.evolvsys.nexuse2e.core.logging,DatabaseLogFilter,2,140,1,35,1,26,1,26,0,9
ng-nexus-core,com.evolvsys.nexuse2e.core.logging,CustomEmailLogbackAppender.new EventEvaluatorBase() {...},0,5,0,0,0,2,0,2,0,2
ng-nexus-core,com.evolvsys.nexuse2e.core.logging,CustomEmailLogbackAppender,11,196,6,12,2,50,6,10,0,7
ng-nexus-core,com.evolvsys.nexuse2e.core.logging,MessageLogbackConverter,4,28,0,4,2,12,0,5,0,3
ng-nexus-core,com.evolvsys.nexuse2e.core.logging,MessageLogbackAppender,38,123,4,8,9,38,6,10,2,8
ng-nexus-core,com.evolvsys.nexuse2e.core.logging,DatabaseLogFilterHelper,6,86,1,5,2,21,1,5,0,3
ng-nexus-core,com.evolvsys.nexuse2e.core.logging,TemplateLayout,11,34,1,3,3,9,1,3,0,2
ng-nexus-core,com.evolvsys.nexuse2e.core.logging,LogbackErrorStatusListener,11,0,2,0,4,0,3,0,2,0
ng-nexus-core,com.evolvsys.nexuse2e.core.pipeline.service,PipelineService,4,154,0,0,1,36,1,6,1,6
ng-nexus-core,com.evolvsys.nexuse2e.core.pipeline.service,PipelineGraphQLService,68,4,0,0,12,1,9,1,9,1
ng-nexus-core,com.evolvsys.nexuse2e.core.service.listener,ServiceChangeListenerService,0,27,0,0,0,10,0,5,0,5
ng-nexus-core,com.evolvsys.nexuse2e.core.service.listener,ServiceCrudEventListener,0,43,0,4,0,12,0,6,0,4
ng-nexus-core,com.evolvsys.nexuse2e.core.config,ConfigValidatorService,0,96,0,6,0,35,0,5,0,2
ng-nexus-core,com.evolvsys.nexuse2e.core.config,NEXUSe2eConfigurationProperties,0,9,0,0,0,3,0,2,0,2
ng-nexus-core,com.evolvsys.nexuse2e.core.pipeline.mapper,PipelineMapper,94,10,10,0,15,4,9,2,4,2
ng-nexus-core,com.evolvsys.nexuse2e.core.certificate.repository,CertificateContainerRepository,9,0,0,0,2,0,1,0,1,0
ng-nexus-core,com.evolvsys.nexuse2e.core.certificate.repository,CertificateContainerQueryDelegate,0,45,4,4,0,9,4,1,0,1
ng-nexus-core,com.evolvsys.nexuse2e.core.certificate.repository,CertificateRepository,9,0,0,0,1,0,1,0,1,0
ng-nexus-core,com.evolvsys.nexuse2e.core.certificate.repository,CertificateQueryDelegate,26,147,12,8,4,32,10,3,0,3
ng-nexus-core,com.evolvsys.nexuse2e.core.security.filter,IpFilter,32,75,2,6,5,22,2,4,0,2
ng-nexus-core,com.evolvsys.nexuse2e.core.security.filter,HttpsFilter,0,50,0,8,0,14,0,6,0,2
ng-nexus-core,com.evolvsys.nexuse2e.core.message.payload.service,PayloadBatchLoader,0,5,0,0,0,2,0,1,0,1
ng-nexus-core,com.evolvsys.nexuse2e.core.message.payload.service,PayloadGraphQLService,31,0,2,0,9,0,4,0,3,0
ng-nexus-core,com.evolvsys.nexuse2e.core.message.payload.service,PayloadMetaDataBatchLoader,0,7,0,0,0,2,0,1,0,1
ng-nexus-core,com.evolvsys.nexuse2e.impl.service.support.transformator,JsonSplitterTransformatorService,16,322,1,21,5,98,1,20,0,10
ng-nexus-core,com.evolvsys.nexuse2e.impl.service.support.transformator,JsonToCsvTransformerService,10,214,1,5,5,71,1,7,0,5
ng-nexus-core,com.evolvsys.nexuse2e.impl.service.support.transformator,JsonAggregatorProcessor,59,452,9,52,14,115,11,45,2,16
ng-nexus-core,com.evolvsys.nexuse2e.impl.service.support.transformator,UnzipTransformatorService,47,177,6,10,13,67,5,8,0,5
ng-nexus-core,com.evolvsys.nexuse2e.impl.service.support.transformator,TransformatorSupportService,0,3,0,0,0,1,0,1,0,1
ng-nexus-core,com.evolvsys.nexuse2e.impl.service.support.transformator,JsonFieldRenderType,6,55,0,2,2,14,0,3,0,2
ng-nexus-core,com.evolvsys.nexuse2e.impl.service.support.transformator,JsonToCsvWriter,0,136,0,8,0,33,0,10,0,6
ng-nexus-core,com.evolvsys.nexuse2e.impl.service.support.transformator,CsvPayloadProcessor,47,412,6,26,17,115,6,21,0,11
ng-nexus-core,com.evolvsys.nexuse2e.impl.service.support.transformator,IteratorWrapper,62,75,7,1,27,20,4,5,0,5
ng-nexus-core,com.evolvsys.nexuse2e.impl.service.support.transformator,CsvToJsonSplitterTransformatorService,16,390,6,16,4,141,6,10,0,5
ng-nexus-core,com.evolvsys.nexuse2e.impl.service.support.transformator,JsonSplitKey,0,38,1,7,0,9,1,4,0,1
ng-nexus-core,com.evolvsys.nexuse2e.impl.service.support.transformator,JsonAggregatorTransformatorService,8,202,1,3,2,87,1,6,0,5
ng-nexus-core,com.evolvsys.nexuse2e.impl.service.support.transformator,JsonFieldRenderType.new JsonFieldRenderType() {...},5,12,0,0,2,4,0,2,0,2
ng-nexus-core,com.evolvsys.nexuse2e.impl.service.support.transformator,JsonFieldRenderType.new JsonFieldRenderType() {...},5,11,0,0,2,4,0,2,0,2
ng-nexus-core,com.evolvsys.nexuse2e.impl.service.support.transformator,JsonFieldRenderType.new JsonFieldRenderType() {...},5,19,0,2,2,6,0,3,0,2
ng-nexus-core,com.evolvsys.nexuse2e.impl.service.support.transformator,JsonFieldRenderType.new JsonFieldRenderType() {...},5,19,0,2,2,6,0,3,0,2
ng-nexus-core,com.evolvsys.nexuse2e.impl.service.support.transformator,JsonToCsvReader,0,111,0,11,0,29,0,11,0,4
ng-nexus-core,com.evolvsys.nexuse2e.core.database,DatabaseUtils,18,105,0,2,7,25,1,7,1,6
ng-nexus-core,com.evolvsys.nexuse2e.core.database,DynamicDatabaseValue,0,3,0,0,0,1,0,1,0,1
ng-nexus-core,com.evolvsys.nexuse2e.core.database,Order,0,15,0,0,0,3,0,1,0,1
ng-nexus-core,com.evolvsys.nexuse2e.core.choreography.repository,ChoreographyRouteBatchLoader,12,7,0,0,1,2,1,1,1,1
ng-nexus-core,com.evolvsys.nexuse2e.core.choreography.repository,ChoreographyActionBatchLoader,21,7,0,0,4,2,1,1,1,1
ng-nexus-core,com.evolvsys.nexuse2e.core.certificate.security,CertificateContainerAccessInterceptor,13,3,2,0,4,1,2,1,1,1
ng-nexus-core,com.evolvsys.nexuse2e.core.certificate.security,CertificateAccessInterceptor,0,3,0,0,0,1,0,1,0,1
ng-nexus-core,com.evolvsys.nexuse2e.core.function,NexusConsumer,14,0,0,0,5,0,2,0,2,0
ng-nexus-core,com.evolvsys.nexuse2e.core.function,NexusBiConsumer,16,0,0,0,5,0,2,0,2,0
ng-nexus-core,com.evolvsys.nexuse2e.core.function,NexusFunction,30,0,0,0,5,0,6,0,6,0
ng-nexus-core,com.evolvsys.nexuse2e.core.function,NexusBiFunction,14,0,0,0,2,0,2,0,2,0
ng-nexus-core,com.evolvsys.nexuse2e.core.logging.service,LogFilterCacheService,0,25,0,0,0,5,0,2,0,2
ng-nexus-core,com.evolvsys.nexuse2e.core.logging.service,ShutdownListener,0,11,0,0,0,4,0,2,0,2
ng-nexus-core,com.evolvsys.nexuse2e.core.logging.service,AllLogsBinaryType,11,119,4,8,4,30,4,6,0,4
ng-nexus-core,com.evolvsys.nexuse2e.core.logging.service,LogFileGraphQLService,6,0,0,0,2,0,2,0,2,0
ng-nexus-core,com.evolvsys.nexuse2e.core.logging.service,LogFilterMessageStatusesBatchLoader,0,6,0,0,0,2,0,1,0,1
ng-nexus-core,com.evolvsys.nexuse2e.core.logging.service,LogFilterGraphQLService,30,0,0,0,6,0,5,0,5,0
ng-nexus-core,com.evolvsys.nexuse2e.core.logging.service,LoggingCleanupService,19,87,0,4,3,21,0,6,0,4
ng-nexus-core,com.evolvsys.nexuse2e.core.logging.service,LogFileService,10,74,3,9,5,20,3,5,0,2
ng-nexus-core,com.evolvsys.nexuse2e.core.logging.service,LogSchedulerJobConfiguration,0,40,0,0,0,14,0,4,0,4
ng-nexus-core,com.evolvsys.nexuse2e.core.logging.service,LogFilterService,26,6,0,0,3,2,3,1,3,1
ng-nexus-core,com.evolvsys.nexuse2e.core.logging.service,PersistLogsJob,4,0,0,0,2,0,1,0,1,0
ng-nexus-core,com.evolvsys.nexuse2e.core.logging.service,SingleLogBinaryType,21,69,1,5,3,18,1,7,0,5
ng-nexus-core,com.evolvsys.nexuse2e.core.logging.service,LogGraphQLService,15,0,0,0,3,0,3,0,3,0
ng-nexus-core,com.evolvsys.nexuse2e.core.logging.service,LoggingService,117,178,5,9,30,44,7,12,4,8
ng-nexus-core,com.evolvsys.nexuse2e.core.pipeline.model,Pipeline,0,26,0,2,0,6,0,3,0,2
ng-nexus-core,com.evolvsys.nexuse2e.core.rhino,DefaultFunctions,144,142,12,8,20,25,15,7,4,6
ng-nexus-core,com.evolvsys.nexuse2e.core.rhino,RhinoScript,0,102,2,8,0,19,2,7,0,4
ng-nexus-core,com.evolvsys.nexuse2e.core.component.exception,ComponentCreationException,16,0,0,0,7,0,1,0,1,0
ng-nexus-core,com.evolvsys.nexuse2e.core.manualaction.service,MessageCountMessageActionManualActionBatchLoader,51,0,0,0,11,0,2,0,2,0
ng-nexus-core,com.evolvsys.nexuse2e.core.manualaction.service,PurgeManualActionGraphQLService,5,0,0,0,1,0,1,0,1,0
ng-nexus-core,com.evolvsys.nexuse2e.core.manualaction.service,ConfigImportManualActionCrudService,0,10,0,0,0,3,0,2,0,2
ng-nexus-core,com.evolvsys.nexuse2e.core.manualaction.service,ConfigImportManualActionGraphQLService,5,0,0,0,1,0,1,0,1,0
ng-nexus-core,com.evolvsys.nexuse2e.core.manualaction.service,MessagesMessageActionManualActionBatchLoader,12,7,0,0,1,2,1,1,1,1
ng-nexus-core,com.evolvsys.nexuse2e.core.manualaction.service,PurgeManualActionService,28,122,2,2,14,31,2,5,0,5
ng-nexus-core,com.evolvsys.nexuse2e.core.manualaction.service,ConfigImportOldFileOwnerProvider,0,21,0,0,0,4,0,4,0,4
ng-nexus-core,com.evolvsys.nexuse2e.core.manualaction.service,ConfigImportManualActionService,14,155,1,1,7,40,1,6,0,6
ng-nexus-core,com.evolvsys.nexuse2e.core.manualaction.service,PurgeManualActionCrudService,0,10,0,0,0,3,0,2,0,2
ng-nexus-core,com.evolvsys.nexuse2e.core.manualaction.service,MessageActionManualActionGraphQLService,20,0,0,0,3,0,3,0,3,0
ng-nexus-core,com.evolvsys.nexuse2e.core.manualaction.service,ManualActionGraphQLService,15,0,0,0,2,0,2,0,2,0
ng-nexus-core,com.evolvsys.nexuse2e.core.manualaction.service,ConfigImportNewFileOwnerProvider,0,21,0,0,0,4,0,4,0,4
ng-nexus-core,com.evolvsys.nexuse2e.core.manualaction.service,MessageActionManualActionService,11,107,0,2,3,24,1,5,1,4
ng-nexus-core,com.evolvsys.nexuse2e.core.manualaction.service,ManualActionCrudService,0,29,0,0,0,6,0,2,0,2
ng-nexus-core,com.evolvsys.nexuse2e.core.manualaction.service,MessageActionManualActionCrudService,0,10,0,0,0,3,0,2,0,2
ng-nexus-core,com.evolvsys.nexuse2e.core.certificate.validation,ValidCertificateContainerHasRoutesConstraintValidator,3,14,1,3,1,3,1,2,0,1
ng-nexus-core,com.evolvsys.nexuse2e.core.certificate.validation,ValidCertificateContainerHasCertificatesConstraintValidator,3,13,1,3,1,3,1,2,0,1
ng-nexus-core,com.evolvsys.nexuse2e.core.model,MetaDataType,0,57,0,0,0,10,0,1,0,1
ng-nexus-core,com.evolvsys.nexuse2e.core.model,MessageDirection,0,27,0,0,0,5,0,1,0,1
ng-nexus-core,com.evolvsys.nexuse2e.core.config.model,CaCertConfig,0,3,0,0,0,1,0,1,0,1
ng-nexus-core,com.evolvsys.nexuse2e.core.config.model,PipeletConfig,0,6,0,0,0,2,0,2,0,2
ng-nexus-core,com.evolvsys.nexuse2e.core.config.model,ConfigAuthenticationType,0,21,0,0,0,4,0,1,0,1
ng-nexus-core,com.evolvsys.nexuse2e.core.config.model,CertificateConfig,0,3,0,0,0,1,0,1,0,1
ng-nexus-core,com.evolvsys.nexuse2e.core.config.model,PartnerType,0,15,0,0,0,3,0,1,0,1
ng-nexus-core,com.evolvsys.nexuse2e.core.config.model,ServiceConfig,0,6,0,0,0,2,0,2,0,2
ng-nexus-core,com.evolvsys.nexuse2e.core.logging.repository,LogRepository,10,0,0,0,1,0,1,0,1,0
ng-nexus-core,com.evolvsys.nexuse2e.core.logging.repository,LogQueryDelegate,7,124,5,12,1,29,5,8,0,4
ng-nexus-core,com.evolvsys.nexuse2e.core.component.creation,SchedulingServicePostCreationProcessor,0,9,0,0,0,3,0,2,0,2
ng-nexus-core,com.evolvsys.nexuse2e.core.component.creation,ComponentPostCreationProcessor,0,6,0,0,0,1,0,1,0,1
ng-nexus-core,com.evolvsys.nexuse2e.core.component.creation,BeanFactoryPostCreationProcessor,0,16,0,0,0,6,0,2,0,2
ng-nexus-core,com.evolvsys.nexuse2e.core.choreography.action,ChoreographyAddRouteAction.new ProcessParameter() {...},0,3,0,0,0,1,0,1,0,1
ng-nexus-core,com.evolvsys.nexuse2e.core.choreography.action,ChoreographyRemoveRouteAction,36,5,2,0,6,1,4,1,3,1
ng-nexus-core,com.evolvsys.nexuse2e.core.choreography.action,ChoreographyAddRouteAction,50,8,4,0,11,2,4,1,2,1
ng-nexus-core,com.evolvsys.nexuse2e.core.choreography.action,ChoreographyLinkRouteAction.new ProcessParameter() {...},0,3,0,0,0,1,0,1,0,1
ng-nexus-core,com.evolvsys.nexuse2e.core.choreography.action,ChoreographyLinkRouteAction,57,5,2,0,15,1,4,1,3,1
ng-nexus-core,com.evolvsys.nexuse2e.core.choreography.action,ChoreographyRemoveRouteAction.new ProcessParameter() {...},0,3,0,0,0,1,0,1,0,1
ng-nexus-core,com.evolvsys.nexuse2e.core.choreography.action,ChoreographyActionType,0,41,0,0,0,13,0,2,0,2
ng-nexus-core,com.evolvsys.nexuse2e.core.service.mapper,ServiceMapper,0,46,0,2,0,8,0,5,0,4
ng-nexus-core,com.evolvsys.nexuse2e.core.async,ExecutorConfiguration,0,60,0,0,0,22,0,6,0,6
ng-nexus-core,com.evolvsys.nexuse2e.core.utils,DateRangeFilterUtils.Range,0,155,0,0,0,28,0,10,0,10
ng-nexus-core,com.evolvsys.nexuse2e.core.utils,DateRangeFilterUtils,0,35,0,6,0,8,0,4,0,1
ng-nexus-core,com.evolvsys.nexuse2e.core.utils,StreamUtils,0,58,0,2,0,11,0,4,0,3
ng-nexus-core,com.evolvsys.nexuse2e.core.utils,ErrorUtils,0,127,0,10,0,27,0,8,0,3
ng-nexus-core,com.evolvsys.nexuse2e.core.utils,PayloadPatternToken,0,105,0,0,0,24,0,6,0,6
ng-nexus-core,com.evolvsys.nexuse2e.core.utils,LoggingUtils,0,20,0,0,0,6,0,3,0,3
ng-nexus-core,com.evolvsys.nexuse2e.core.utils,BeanValidationUtils,0,33,1,3,0,6,1,2,0,1
ng-nexus-core,com.evolvsys.nexuse2e.core.utils,BatchLoaderUtils,0,29,0,2,0,5,0,3,0,2
ng-nexus-core,com.evolvsys.nexuse2e.core.utils,PatternReplaceUtils,0,60,0,6,0,11,0,6,0,3
ng-nexus-core,com.evolvsys.nexuse2e.core.utils,LoggingUtils.GlobalWrapper,626,24,0,0,96,4,96,4,96,4
ng-nexus-core,com.evolvsys.nexuse2e.core.utils,LoggingUtils.ForMessageWrapper,491,15,0,0,98,3,49,2,49,2
ng-nexus-core,com.evolvsys.nexuse2e.core.utils,ContextPatternToken,0,177,0,0,0,32,0,12,0,12
ng-nexus-core,com.evolvsys.nexuse2e.core.utils,NEXUSe2eFileUtils,0,102,0,4,0,22,0,11,0,9
ng-nexus-core,com.evolvsys.nexuse2e.core.utils,ResourceUtils,6,176,2,17,1,42,2,12,0,4
ng-nexus-core,com.evolvsys.nexuse2e.core.utils,HttpUtils,0,81,0,6,0,18,0,8,0,5
ng-nexus-core,com.evolvsys.nexuse2e.core.parameter.security,ParameterAccessInterceptor,0,3,0,0,0,1,0,1,0,1
ng-nexus-core,com.evolvsys.nexuse2e.core.message,MetaData,62,695,5,23,11,134,10,94,6,84
ng-nexus-core,com.evolvsys.nexuse2e.core.message,ContextMessageService,349,4,12,0,78,1,24,1,18,1
ng-nexus-core,com.evolvsys.nexuse2e.core.message,MessageRunner,12,36,0,0,2,9,1,4,1,4
ng-nexus-core,com.evolvsys.nexuse2e.core.message,MessageManualActionCountBatchLoader,59,0,0,0,10,0,2,0,2,0
ng-nexus-core,com.evolvsys.nexuse2e.core.message,MessageRunner.new Supplier() {...},3,10,0,0,1,2,0,2,0,2
ng-nexus-core,com.evolvsys.nexuse2e.core.message,MetaDataLinkType,0,15,0,0,0,3,0,1,0,1
ng-nexus-core,com.evolvsys.nexuse2e.core.message,MessageStatus,0,81,0,0,0,14,0,1,0,1
ng-nexus-core,com.evolvsys.nexuse2e.core.service.validation,ServiceValidationUtils,11,12,3,3,1,2,2,2,0,1
ng-nexus-core,com.evolvsys.nexuse2e.core.service.validation,ComponentConstraintValidator,0,6,0,0,0,1,0,1,0,1
ng-nexus-core,com.evolvsys.nexuse2e.core.service.validation,ValidServiceConstraintValidator,0,18,0,0,0,5,0,1,0,1
ng-nexus-core,com.evolvsys.nexuse2e.core.service.validation,ValidServiceHasConnectionsConstraintValidator,3,13,1,3,1,3,1,2,0,1
ng-nexus-core,com.evolvsys.nexuse2e.core.schedule.provider,CronScheduleProvider,3,32,1,3,1,7,1,4,0,3
ng-nexus-core,com.evolvsys.nexuse2e.core.schedule.provider,HourAndMinuteIntervalScheduleProvider,17,55,2,6,6,11,2,6,0,4
ng-nexus-core,com.evolvsys.nexuse2e.core.schedule.provider,MisfireInstruction,0,15,0,0,0,3,0,1,0,1
ng-nexus-core,com.evolvsys.nexuse2e.core.schedule.provider,MillisecondScheduleProvider,3,43,1,5,1,10,1,6,0,4
ng-nexus-core,com.evolvsys.nexuse2e.core.parameter,ParameterBatchLoaderHelper,145,4,14,0,27,1,16,1,9,1
ng-nexus-core,com.evolvsys.nexuse2e.core.parameter,ParameterType,0,137,0,0,0,22,0,2,0,2
ng-nexus-core,com.evolvsys.nexuse2e.core.parameter,Parameters,9,58,1,1,1,14,1,8,0,8
ng-nexus-core,com.evolvsys.nexuse2e.core.ebxml,EbxmlConfig,5,48,2,2,1,7,2,3,0,3
ng-nexus-core,com.evolvsys.nexuse2e.core.ebxml,EbxmlConstants,0,21,0,0,0,6,0,1,0,1
ng-nexus-core,com.evolvsys.nexuse2e.core.ebxml,CpaIdScheme.new CpaIdScheme() {...},1,37,1,1,0,7,1,3,0,3
ng-nexus-core,com.evolvsys.nexuse2e.core.ebxml,CpaIdScheme.new CpaIdScheme() {...},0,10,0,0,0,3,0,3,0,3
ng-nexus-core,com.evolvsys.nexuse2e.core.ebxml,CpaIdScheme,0,20,0,0,0,5,0,1,0,1
ng-nexus-core,com.evolvsys.nexuse2e.core.ebxml,PartyType,0,35,0,0,0,8,0,2,0,2
ng-nexus-core,com.evolvsys.nexuse2e.core.ebxml,EbxmlUtils,26,98,3,5,9,20,3,9,0,8
ng-nexus-core,com.evolvsys.nexuse2e.core.ebxml,EbxmlTimestampFormatter,0,32,0,0,0,8,0,6,0,6
ng-nexus-core,com.evolvsys.nexuse2e.core.message.queue,MessageQueueJobConfiguration,0,60,0,0,0,24,0,3,0,3
ng-nexus-core,com.evolvsys.nexuse2e.core.message.queue,MessageQueueService,21,146,0,4,4,27,1,10,1,8
ng-nexus-core,com.evolvsys.nexuse2e.core.message.queue,MessageQueueJob,0,28,0,0,0,10,0,2,0,2
ng-nexus-core,com.evolvsys.nexuse2e.core.choreography.security,ChoreographyAccessInterceptor,0,3,0,0,0,1,0,1,0,1
ng-nexus-core,com.evolvsys.nexuse2e.core.config.service,ConfigImportEventHandler,0,24,0,4,0,8,0,4,0,2
ng-nexus-core,com.evolvsys.nexuse2e.core.config.service,ConfigImportFileHelper,0,69,1,1,0,15,1,3,0,3
ng-nexus-core,com.evolvsys.nexuse2e.core.config.service,NEXUSe2eConfigService,24,159,0,4,7,44,0,14,0,12
ng-nexus-core,com.evolvsys.nexuse2e.core.config.service,ConfigGraphQLService,66,21,0,0,10,7,12,3,12,3
ng-nexus-core,com.evolvsys.nexuse2e.core.config.service,ConfigHandlerService,0,399,0,24,0,84,0,30,0,18
ng-nexus-core,com.evolvsys.nexuse2e.core.config.service,ConfigInitializer,0,131,0,6,0,46,0,9,0,6
ng-nexus-core,com.evolvsys.nexuse2e.core.config.service,ConfigCrudService,28,47,1,1,13,13,1,4,0,4
ng-nexus-core,com.evolvsys.nexuse2e.core.config.service,ConfigParserService,0,156,0,0,0,34,0,11,0,11
ng-nexus-core,com.evolvsys.nexuse2e.core.route.service,ContextRouteFactory,50,304,12,14,13,56,11,21,1,18
ng-nexus-core,com.evolvsys.nexuse2e.core.route.service,RouteGraphQLService,18,83,0,0,2,13,2,11,2,11
ng-nexus-core,com.evolvsys.nexuse2e.core.route.service,RouteService,25,13,0,0,5,4,2,2,2,2
ng-nexus-core,com.evolvsys.nexuse2e.core.parameter.mapper,ParameterMapper,29,220,5,19,10,49,8,20,3,13
ng-nexus-core,com.evolvsys.nexuse2e.core.parameter.validation,ParameterValueConstraintValidator,67,0,8,0,22,0,5,0,1,0
ng-nexus-core,com.evolvsys.nexuse2e.core.service.http.client.rest,RestSslConnectionFactory,6,125,1,11,1,36,1,8,0,3
ng-nexus-core,com.evolvsys.nexuse2e.core.service.http.client.rest,NexusRestClientFactory,10,29,0,0,5,8,0,4,0,4
ng-nexus-core,com.evolvsys.nexuse2e.core.service.http.client.rest,RestHttpClientFactory,0,27,0,2,0,9,0,3,0,2
ng-nexus-core,com.evolvsys.nexuse2e.core.action.mapper,ActionMapper,37,19,2,0,9,4,4,3,3,3
ng-nexus-core,com.evolvsys.nexuse2e.core.action.mapper,ContextActionMapper,5,67,4,6,0,14,4,9,0,8
ng-nexus-core,com.evolvsys.nexuse2e.core.certificate.util,CertificateUtil,0,60,0,0,0,9,0,3,0,3
ng-nexus-core,com.evolvsys.nexuse2e.core.partner.service,PartnerCertificateContainerBatchLoader,0,7,0,0,0,2,0,1,0,1
ng-nexus-core,com.evolvsys.nexuse2e.core.partner.service,PartnerConnectionRequeueIntervalsBatchLoader,0,6,0,0,0,2,0,1,0,1
ng-nexus-core,com.evolvsys.nexuse2e.core.partner.service,PartnerConnectionParameterBatchLoader,132,4,6,0,28,1,7,1,4,1
ng-nexus-core,com.evolvsys.nexuse2e.core.partner.service,PartnerPartnerConnectionBatchLoader,9,7,0,0,1,2,1,1,1,1
ng-nexus-core,com.evolvsys.nexuse2e.core.partner.service,PartnerConnectionService,4,6,0,0,1,2,1,1,1,1
ng-nexus-core,com.evolvsys.nexuse2e.core.partner.service,PartnerService,28,27,0,0,5,6,2,2,2,2
ng-nexus-core,com.evolvsys.nexuse2e.core.partner.service,PartnerConnectionGraphQLService,7,69,0,0,2,13,0,9,0,9
ng-nexus-core,com.evolvsys.nexuse2e.core.partner.service,PartnerGraphQLService,7,51,0,0,2,10,0,8,0,8
ng-nexus-core,com.evolvsys.nexuse2e.core.partner.service,PartnerBatchLoader,0,5,0,0,0,2,0,1,0,1
ng-nexus-core,com.evolvsys.nexuse2e.core.message.manual.model,ManualMessageStatus,0,21,0,0,0,4,0,1,0,1
ng-nexus-core,com.evolvsys.nexuse2e.core.system.security,BaseMessageAccessInterceptor,17,3,2,0,7,1,2,1,1,1
ng-nexus-core,com.evolvsys.nexuse2e.core.system.security,BaseConfigAccessInterceptor,17,3,2,0,7,1,2,1,1,1
ng-nexus-core,com.evolvsys.nexuse2e.impl.pipelet.routing,PartnerTargetPipelet,0,57,1,3,0,19,1,4,0,3
ng-nexus-core,com.evolvsys.nexuse2e.impl.pipelet.routing,RoutingMappingPipelet,0,165,0,2,0,54,0,10,0,9
ng-nexus-core,com.evolvsys.nexuse2e.impl.pipelet.routing,RoutingPipelet,0,61,0,0,0,22,0,4,0,4
ng-nexus-core,com.evolvsys.nexuse2e.core.parameter.service,ParameterGraphQLService,15,4,2,0,3,1,2,1,1,1
ng-nexus-core,com.evolvsys.nexuse2e.core.parameter.service,ParameterConverterRegistry,13,36,0,0,3,10,1,5,1,5
ng-nexus-core,com.evolvsys.nexuse2e.core.parameter.service,ParameterConverterRegistrar,0,17,0,0,0,4,0,2,0,2
ng-nexus-core,com.evolvsys.nexuse2e.core,AzureAuthenticationProvider,0,85,0,2,0,29,0,5,0,4
ng-nexus-core,com.evolvsys.nexuse2e.core.message.metadata.service,MetaDataGraphQLService,89,4,4,0,21,1,7,1,5,1
ng-nexus-core,com.evolvsys.nexuse2e.core.message.metadata.service,MetaDataService,4,94,0,8,1,20,1,9,1,3
ng-nexus-core,com.evolvsys.nexuse2e.core.route.mapper,ContextRouteMapper,10,7,0,0,1,3,2,2,2,2
ng-nexus-core,com.evolvsys.nexuse2e.core.route.mapper,RouteMapper,83,7,10,0,14,3,9,2,4,2
ng-nexus-core,com.evolvsys.nexuse2e.core.pipeline.security,PipelineAccessInterceptor,0,3,0,0,0,1,0,1,0,1
ng-nexus-core,com.evolvsys.nexuse2e.core.resolver.validation,ValidStartActionConstraintValidator,0,67,2,6,0,17,2,7,0,5
ng-nexus-core,com.evolvsys.nexuse2e.core.resolver.validation,ValidNextActionConstraintValidator,33,67,3,7,9,18,3,7,0,5
ng-nexus-core,com.evolvsys.nexuse2e.core.resolver.validation,ValidAcknowledgmentConstraintValidator,0,238,0,8,0,56,0,9,0,5
ng-nexus-core,com.evolvsys.nexuse2e.core.resolver.validation,ValidRouteConstraintValidator,34,18,2,4,8,4,2,3,0,2
ng-nexus-core,com.evolvsys.nexuse2e.core.resolver.validation,ValidConversationStateConstraintValidator,17,68,2,8,6,22,2,5,0,2
